EmployeeCode,FirstName,LastName,Gender,DateOfBirth,Email,HireDate,EmploymentType,DepartmentName,JobTitle,City,ManagerCode
NP0001,Rajesh,Mehta,M,1960-04-05,rajesh.mehta@northpeak.example,2010-06-01,Full-Time,Operations,Chief Executive Officer,Mumbai,
NP0002,Anita,Sharma,F,1971-11-13,anita.sharma@northpeak.example,2011-03-03,Full-Time,Engineering,Director of Engineering,Hyderabad,NP0001
NP0003,Bhavna,Chauhan,F,1984-04-18,bhavna.chauhan@northpeak.example,2016-07-08,Full-Time,Engineering,Engineering Manager,Delhi,NP0002
NP0004,Jyoti,Agarwal,FEMALE,1975-04-24,jyoti.agarwal@northpeak.example,2015-06-26,Full-Time, engineering ,Engineering Manager,Mumbai,NP0002
NP0005,Simran,Joshi,F,1980-12-06,simran.joshi@northpeak.example,2014-04-04,Full-Time,Engineering,Engineering Manager,Mumbai,NP0002
NP0006,Divya,Pandey,F,1979-03-06,divya.pandey@northpeak.example,2014-05-27,Full-Time,Engineering,Engineering Manager,Bengaluru,NP0002
NP0007,Aarti,Patel,F,1980-11-19,aarti.patel@northpeak.example,2014-03-07,Full-Time,Engineering,Engineering Manager,Bengaluru,NP0002
NP0008,Pranav,Pandey,M,1977-12-18,pranav.pandey@northpeak.example,2014-10-13,Full-Time,Engineering,Engineering Manager,Pune,NP0002
NP0009,Kavita,Menon,F,1979-04-25,kavita.menon@northpeak.example,2014-04-07,Full-Time,Engineering,Engineering Manager,Bengaluru,NP0002
NP0010,Tanvi,Bhatt,F,1977-09-29,tanvi.bhatt@northpeak.example,2014-08-23,Contract,Engineering,Engineering Manager,Mumbai,NP0002
NP0011,Megha,Menon,F,1979-12-14,megha.menon@northpeak.example,2016-11-05,Full-Time,Engineering,Engineering Manager,Lucknow,NP0002
NP0012,Manish,Jain,M,1974-08-13,manish.jain@northpeak.example,2015-09-22,Full-Time,Engineering,Engineering Manager,Bengaluru,NP0002
NP0013,Divya,Patel,F,1975-10-26,divya.patel@northpeak.example,2016-08-31,Contract,Engineering,Engineering Manager,Mumbai,NP0002
NP0014,Komal,Nair,F,1981-02-22,komal.nair@northpeak.example,2016-06-16,Full-Time,Engineering ,Engineering Manager,Bengaluru,NP0002
NP0015,Harsh,Iyer,M,1993-09-02,harsh.iyer@northpeak.example,2018-11-08,Full-Time,Engineering,Software Engineer Trainee,Mumbai,NP0006
NP0016,Ashish,Menon,M,1995-03-22,ashish.menon@northpeak.example,2019-04-22,Full-Time,Engineering,Software Engineer,Bengaluru,NP0014
NP0017,Ashish,Pandey,M,1994-04-19,ashish.pandey@northpeak.example,2017-06-04,Full-Time,Engineering,Software Engineer,Hyderabad,NP0011
NP0018,Tarun,Desai,M,1987-07-26,tarun.desai@northpeak.example,2023-06-28,Full-Time,Engineering,Senior Software Engineer,Pune,NP0010
NP0019,Saurabh ,Yadav,M,2000-03-30,saurabh.yadav@northpeak.example,2022-04-28,Full-Time, engineering ,Software Engineer Trainee ,Delhi,NP0010
NP0020,Mohit,Khan,M,1994-11-23,mohit.khan@northpeak.example,02/05/2020,Full-Time,Engineering,Software Engineer Trainee,Hyderabad,NP0004
NP0021,Aarav,Verma,O,1997-02-09,aarav.verma@northpeak.example,2022-05-29,Full-Time,Engineering,Software Engineer Trainee,Pune,NP0012
NP0022,Tanvi,Joshi,F,1984-05-19,tanvi.joshi@northpeak.example,2021-07-11,Full-Time,Engineering,Senior Software Engineer,Mumbai,NP0003
NP0023,Vishal,Srivastava,M,1993-06-06,vishal.srivastava@northpeak.example,2020-07-22,Full-Time,Engineering,Senior Software Engineer,Hyderabad,NP0011
NP0024,Pallavi,Jain,F,2002-05-20,pallavi.jain@northpeak.example,2025-02-22,Full-Time,Engineering,Software Engineer Trainee,Hyderabad,NP0004
NP0025,Vandana,Nair,F,1989-06-10,vandana.nair@northpeak.example,2022-03-23,Contract,Engineering,Senior Software Engineer,Delhi,NP0006
NP0026,Isha,Saxena,F,1999-10-08,isha.saxena@northpeak.example,2022-02-20,Full-Time,Engineering,Software Engineer Trainee,Bengaluru,NP0008
NP0027,Vivek,Iyer,M,1999-07-03,vivek.iyer@northpeak.example,2023-12-18,Intern,Engineering,Software Engineer Trainee,Hyderabad,NP0006
NP0028,Meera,Singh,F,1993-01-31,meera.singh@northpeak.example,2021-12-02,Full-Time,Engineering,Senior Software Engineer,Hyderabad,NP0005
NP0029,Naveen,Pandey,M,2000-12-02,naveen.pandey@northpeak.example,2023-06-06,Intern,Engineering,Software Engineer Trainee,Pune,NP0009
NP0030,Divya,Das,F,1984-04-22,divya.das@northpeak.example,2020-09-23,Full-Time,Engineering,Senior Software Engineer,Pune,NP0013
NP0031,Naveen,Jain,M,1993-07-22,naveen.jain@northpeak.example,2019-06-24,Full-Time,Engineering,Senior Software Engineer,Bengaluru,NP0006
NP0032,Simran,Verma,F,1992-07-23,simran.verma@northpeak.example,2017-02-20,Intern,Engineering,Software Engineer Trainee,Delhi,NP0010
NP0033,Tarun,Yadav,M,1992-07-13,tarun.yadav@northpeak.example,2022-08-07,Full-Time,Engineering,Software Engineer,Hyderabad,NP0006
NP0034,Isha,Tiwari,F,1994-04-06,isha.tiwari@northpeak.example,2024-06-25,Full-Time,Engineering,Software Engineer,Mumbai,NP0014
NP0035,Deepak ,Reddy,M,2002-01-18,deepak.reddy@northpeak.example,2025-07-07,Full-Time,Engineering,Software Engineer Trainee,Hyderabad,NP0010
NP0036,Abhishek,Khan,M,2002-07-12,abhishek.khan@northpeak.example,2024-05-01,Full-Time,Engineering,Software Engineer Trainee,Mumbai,NP0009
NP0037,Siddharth,Mishra,M,1997-11-03,siddharth.mishra@northpeak.example,2025-05-20,Full-Time,Engineering,Senior Software Engineer,Bengaluru,NP0010
NP0038,Kavita,Chauhan,F,1985-11-29,kavita.chauhan@northpeak.example,2020-03-01,Full-Time,Engineering,Senior Software Engineer,Hyderabad,NP0004
NP0039,Yash,Pandey,M,2002-11-16,yash.pandey@northpeak.example,2024-05-13,Full-Time,Engineering,Software Engineer Trainee,Hyderabad,NP0004
NP0040,Divya,Das,F,1993-12-30,divya.das2@northpeak.example,2018-03-23,Full-Time,Engineering,Software Engineer,Mumbai,NP0007
NP0041,Abhishek,Joshi,M,1983-01-13,abhishek.joshi@northpeak.example,2020-11-15,Full-Time, engineering ,Senior Software Engineer,Mumbai,NP0006
NP0042,Ankit,Menon,M,1984-05-14,ankit.menon@northpeak.example,2019-05-11,Full-Time,Engineering,Senior Software Engineer,Delhi,NP0004
NP0043,Swati,Chauhan,F,1998-06-28,swati.chauhan@northpeak.example,2024-08-10,Full-Time,Engineering,Software Engineer,Hyderabad,NP0014
NP0044,Kunal,Kulkarni,M,1996-03-19,kunal.kulkarni@northpeak.example,2023-12-28,Full-Time,Engineering,Software Engineer,Mumbai,NP0008
NP0045,Neha,Joshi,F,1999-01-21,neha.joshi@northpeak.example,2025-08-15,Full-Time,Engineering,Software Engineer,Hyderabad,NP0010
NP0046,Nikhil,Kapoor,M,2001-10-08,nikhil.kapoor@northpeak.example,2023-07-09,Intern,Engineering,Software Engineer Trainee,Pune,NP0006
NP0047,Vikram,Kulkarni,M,1997-11-30,vikram.kulkarni@northpeak.example,2023-02-02,Full-Time,Engineering,Software Engineer,Delhi,NP0008
NP0048,Arjun,Patel,M,1994-06-23,arjun.patel@northpeak.example,2024-08-19,Full-Time,Engineering,Software Engineer,Bengaluru,NP0008
NP0049,Abhishek,Bansal,M,1997-11-14,abhishek.bansal@northpeak.example,2023-09-15,Contract,Engineering,Software Engineer,Hyderabad,NP0006
NP0050,Ritu,Menon,F,1995-01-19,ritu.menon@northpeak.example,2025-06-02,Full-Time, engineering ,Senior Software Engineer,Hyderabad,NP0004
NP0051,Pallavi,Chauhan,F,1999-07-15,pallavi.chauhan@northpeak.example,2023-08-20,Full-Time,Engineering,Software Engineer Trainee,Pune,NP0007
NP0052,Naveen,Joshi,M,1986-09-11,naveen.joshi@northpeak.example,2023-06-29,Full-Time,Engineering,Senior Software Engineer,Hyderabad,NP0004
NP0053,Rohit,Reddy,M,2000-06-25,rohit.reddy@northpeak.example,2024-06-03,Full-Time,Engineering,Software Engineer,Delhi,NP0012
NP0054,Amit,Chauhan,M,2002-03-06,amit.chauhan@northpeak.example,2024-08-20,Intern,Engineering,Software Engineer Trainee,Bengaluru,NP0008
NP0055,Rekha,Sharma,F,1987-11-03,rekha.sharma@northpeak.example,2018-06-01,Full-Time,Engineering,Senior Software Engineer,Bengaluru,NP0009
NP0056,Ashish,Das, M,1990-12-12,ashish.das@northpeak.example,2021-12-09,Contract,Engineering,Senior Software Engineer,Delhi,NP0004
NP0057,Tarun,Joshi,M,1995-01-30,tarun.joshi@northpeak.example,2022-08-29,Full-Time,Engineering,Senior Software Engineer,Delhi,NP0005
NP0058,Naveen,Yadav,M,1996-07-19,naveen.yadav@northpeak.example,2023-07-20,Full-Time,Engineering,Software Engineer,Bengaluru,NP0009
NP0059,Rahul,Chauhan,M,2000-12-16,rahul.chauhan@northpeak.example,2023-12-08,Contract,Engineering,Software Engineer Trainee,Bengaluru,NP0011
NP0060,Aditya,Sharma,M,1985-08-30,aditya.sharma@northpeak.example,2023-11-11,Contract,Engineering,Senior Software Engineer,Hyderabad,NP0010
NP0061,Megha,Pandey,F,2001-03-14,megha.pandey@northpeak.example,2025-08-23,Intern,Engineering,Software Engineer Trainee,Bengaluru,NP0008
NP0062,Pallavi,Chauhan,F,1992-11-20,pallavi.chauhan2@northpeak.example,2017-07-05,Full-Time,Engineering,Software Engineer,Hyderabad,NP0004
NP0063,Divya,Gupta,F,1993-04-06,divya.gupta@northpeak.example,2018-05-16,Full-Time,Engineering,Software Engineer,Hyderabad,NP0012
NP0064,Rohit,Agarwal,M,1991-10-15,rohit.agarwal@northpeak.example,2024-08-10,Full-Time,Engineering,Senior Software Engineer,Lucknow,NP0013
NP0065,Deepak,Kulkarni,M,1999-07-28,deepak.kulkarni@northpeak.example,2022-08-07,Full-Time,Engineering,Software Engineer,Pune,NP0012
NP0066,Nisha,Reddy,F,1996-09-27,nisha.reddy@northpeak.example,2023-08-10,Full-Time,Engineering,Software Engineer,Bengaluru,NP0006
NP0067,Ankit,Desai,M,2000-02-05,ankit.desai@northpeak.example,2022-03-22,Full-Time,Engineering,Software Engineer,Pune,NP0010
NP0068,Anjali,Desai,F,1989-10-06,anjali.desai@northpeak.example,2017-12-03,Full-Time,Engineering,Software Engineer,Mumbai,NP0010
NP0069,Varun,Sharma,M,1989-12-30,varun.sharma@northpeak.example,2021-09-29,Full-Time,Engineering,Senior Software Engineer,Mumbai,NP0008
NP0070,Kunal,Reddy,M,1988-05-21,kunal.reddy@northpeak.example,2025-06-22,Full-Time,Engineering,Senior Software Engineer,Bengaluru,NP0011
NP0071,Kavita,Chopra,F,1989-03-31,kavita.chopra@northpeak.example,2019-10-06,Contract,Engineering,Software Engineer,Bengaluru,NP0006
NP0072,Pooja,Rao,F,1990-09-23,pooja.rao@northpeak.example,2019-06-28,Contract,Engineering,Software Engineer,Bengaluru,NP0006
NP0073,Abhishek,Pandey,M,1986-11-20,abhishek.pandey@northpeak.example,2017-09-15,Full-Time,Engineering,Senior Software Engineer,Mumbai,NP0006
NP0074,Priya,Gupta,F,1990-01-06,priya.gupta@northpeak.example,2017-01-31,Full-Time,Engineering,Software Engineer,Hyderabad,NP0006
NP0075,Naveen,Srivastava,M,1996-11-23,naveen.srivastava@northpeak.example,2024-07-14,Full-Time,Engineering,Software Engineer,Hyderabad,NP0012
NP0076,Pallavi,Kapoor,F,1987-11-16,pallavi.kapoor@northpeak.example,2017-09-16,Full-Time,Engineering,Software Engineer,Delhi,NP0013
NP0077,Vishal,Reddy,M,1995-08-15,vishal.reddy@northpeak.example,2025-02-03,Contract,Engineering,Software Engineer,Mumbai,NP0006
NP0078,Yash,Desai,m,1990-05-01,yash.desai@northpeak.example,2022-07-06,Full-Time,Engineering,Senior Software Engineer,Hyderabad,NP0004
NP0079,Deepak,Das,M,1992-11-18,deepak.das@northpeak.example,2024-05-16,Full-Time,Engineering,Senior Software Engineer,Bengaluru,NP0014
NP0080,Shruti,Pandey,F,1992-04-18,shruti.pandey@northpeak.example,2020-02-23,Full-Time,Engineering,Senior Software Engineer,Bengaluru,NP0012
NP0081,Ashish,Sharma,M,2000-06-07,,2025-03-05,Full-Time,Engineering,Software Engineer,Bengaluru,NP0004
NP0082,Meera,Agarwal,F,1980-04-16,meera.agarwal@northpeak.example,2017-11-19,Full-Time,Engineering,Senior Software Engineer,Hyderabad,NP0003
NP0083,Sneha,Reddy,F,1990-12-20,sneha.reddy@northpeak.example,2020-10-21,Full-Time,ENGINEERING,Software Engineer,Bengaluru,NP0011
NP0084,Neha,Chopra,F,1999-09-07,neha.chopra@northpeak.example,2023-04-17,Full-Time,Engineering,Software Engineer,Mumbai,NP0013
NP0085,Kunal,Agarwal,M,1989-07-10,kunal.agarwal@northpeak.example,2017-08-24,Full-Time,Engineering,Software Engineer,Bengaluru,NP0008
NP0086,Nikhil,Jain,M,1993-12-09,nikhil.jain@northpeak.example,2022-06-06,Full-Time,Engineering,Software Engineer,Mumbai,NP0004
NP0087,Abhishek,Khan,M,1986-05-14,abhishek.khan2@northpeak.example,2022-12-29,Full-Time,Engineering,Senior Software Engineer,Hyderabad,NP0013
NP0088,Nisha,Yadav,F,2004-02-10,nisha.yadav@northpeak.example,2025-07-17,Intern,Engineering,Software Engineer Trainee,Lucknow,NP0007
NP0089,Bhavna,Desai,F,1996-09-14,bhavna.desai@northpeak.example,2020-05-01,Full-Time,Engineering,Senior Software Engineer,Delhi,NP0010
NP0090,Tarun,Agarwal,M,1991-09-28,tarun.agarwal@northpeak.example,2022-06-22,Full-Time,Engineering,Software Engineer,Hyderabad,NP0005
NP0091,Pranav,Rao,M,1996-02-22,pranav.rao@northpeak.example,2025-07-16,Full-Time,Engineering,Software Engineer,Mumbai,NP0004
NP0092,Varun,Menon,M,1994-07-19,varun.menon@northpeak.example,2022-09-22,Full-Time,Engineering,Software Engineer,Mumbai,NP0004
NP0093,Nikhil,Kapoor,M,1994-10-06,nikhil.kapoor2@northpeak.example,2019-01-12,Intern,Engineering,Software Engineer Trainee,Delhi,NP0007
NP0094,Varun,Mehta,M,1989-08-21,varun.mehta@northpeak.example,2018-11-21,Full-Time,Engineering,Senior Software Engineer,Bengaluru,NP0012
NP0095,Manish ,Joshi,M,1984-04-30,manish.joshi@northpeak.example,2018-08-07,Full-Time,Engineering,Senior Software Engineer,Delhi,NP0010
NP0096,Tanvi,Srivastava,F,1996-05-29,tanvi.srivastava@northpeak.example,2018-05-28,Full-Time,Engineering,Software Engineer Trainee,Delhi,NP0010
NP0097,Lavanya,Malhotra,F,1997-11-15,lavanya.malhotra@northpeak.example,2019-06-15,Contract,Engineering,Software Engineer Trainee,Delhi,NP0006
NP0098,Preeti,Kulkarni,F,1999-11-01,,2022-10-27,Contract,Engineering,Software Engineer Trainee,Pune,NP0007
NP0099,Manish,Bansal,M,1991-04-08,manish.bansal@northpeak.example,2021-05-09,Full-Time,Engineering,Software Engineer,Hyderabad,NP0007
NP0100,Neha,Yadav,F,1995-04-04,neha.yadav@northpeak.example,2023-05-08,Full-Time,Engineering,Software Engineer,Hyderabad,NP0005
NP0101,Yash,Rao,M,1999-05-19,yash.rao@northpeak.example,2021-03-11,Intern,Engineering,Software Engineer Trainee,Pune,NP0004
NP0102,Nikhil,Singh,M,1996-04-19,nikhil.singh@northpeak.example,2022-05-10,Full-Time,Engineering,Software Engineer,Bengaluru,NP0010
NP0103,Swati,Patel,F ,1999-02-02,swati.patel@northpeak.example,2023-08-09,Full-Time,Engineering,Software Engineer,Hyderabad,NP0003
NP0104,Siddharth,Das,M,1993-09-25,siddharth.das@northpeak.example,2023-07-01,Full-Time,Engineering,Senior Software Engineer,Mumbai,NP0014
NP0105,Nisha,Das,F,1990-02-09,nisha.das@northpeak.example,2019-06-29,Full-Time, engineering ,Software Engineer,Bengaluru,NP0003
NP0106,Rohit,Reddy,M,1984-04-01,rohit.reddy2@northpeak.example,2021-10-05,Full-Time,Engineering,Senior Software Engineer,Hyderabad,NP0010
NP0107,Rahul,Menon,M,1990-02-01,rahul.menon@northpeak.example,2017-06-07,Full-Time,Engineering,Software Engineer,Pune,NP0011
NP0108,Komal,Gupta,F,2000-08-19,komal.gupta@northpeak.example,2024-10-02,Full-Time,Engineering,Software Engineer Trainee,Bengaluru,NP0005
NP0109,Ankit,Yadav,M,1990-10-24,ankit.yadav@northpeak.example,2020-12-24,Full-Time,Engineering,Senior Software Engineer,Lucknow,NP0013
NP0110,Tarun,Desai,M,1997-03-22,tarun.desai2@northpeak.example,2021-12-16,Full-Time,Engineering,Software Engineer Trainee,Bengaluru,NP0007
NP0111,Divya,Bhatt,F,2002-04-19,divya.bhatt@northpeak.example,2024-11-25,Contract,Engineering,Software Engineer Trainee ,Bengaluru,NP0011
NP0112,Ashish,Pandey,M,1993-09-26,ashish.pandey2@northpeak.example,2024-11-28,Full-Time,Engineering,Senior Software Engineer,Pune,NP0004
NP0113,Mohit,Singh,M,1993-05-23,mohit.singh@northpeak.example,2020-07-02,Full-Time,Engineering,Senior Software Engineer,Pune,NP0012
NP0114,Naveen,Saxena,M,1994-03-18,naveen.saxena@northpeak.example,2023-08-17,Full-Time,Engineering,Software Engineer,Hyderabad,NP0007
NP0115,Sasha,Chopra,O,1992-04-25,sasha.chopra@northpeak.example,2021-10-31,Full-Time,Engineering,Senior Software Engineer,Lucknow,NP0014
NP0116,Ayesha,Desai,F,2001-01-30,ayesha.desai@northpeak.example,2024-05-06,Full-Time,Engineering,Software Engineer Trainee,Bengaluru,NP0005
NP0117,Ankit,Singh,M,2001-06-11,ankit.singh@northpeak.example,2024-11-01,Full-Time,Engineering,Software Engineer,Delhi,NP0006
NP0118,Pranav,Iyer,M,1995-06-27,pranav.iyer@northpeak.example,2024-04-05,Full-Time,Engineering,Software Engineer,Pune,NP0009
NP0119,Rahul,Pandey,M,1990-07-10,rahul.pandey@northpeak.example,2022-09-21,Full-Time,Engineering,Senior Software Engineer,Hyderabad,NP0009
NP0120,Varun,Das,M,2001-01-23,varun.das@northpeak.example,21/11/2024,Full-Time,Engineering ,Software Engineer Trainee ,Delhi,NP0012
NP0121,Bhavna,Jain,F,1996-12-11,bhavna.jain@northpeak.example,2020-10-11,Full-Time,Engineering,Software Engineer,Bengaluru,NP0009
NP0122,Vivek,Reddy,M,2001-09-04,vivek.reddy@northpeak.example,2025-06-23,Full-Time,Engineering,Software Engineer,Mumbai,NP0009
NP0123,Rahul,Rao,M,1991-08-13,rahul.rao@northpeak.example,2022-05-08,Full-Time,Engineering,Software Engineer,Mumbai,NP0011
NP0124,Meera,Pandey,F,1996-03-03,,2023-06-26,Full-Time,Engineering,Software Engineer,Pune,NP0006
NP0125,Amit,Khan,M,1987-05-20,,2025-02-21,Full-Time,Engineering,Senior Software Engineer,Mumbai,NP0014
NP0126,Nikhil,Tiwari,M,1984-02-08,nikhil.tiwari@northpeak.example,2019-06-25,Full-Time,Engineering,Senior Software Engineer,Pune,NP0014
NP0127,Pooja,Rao,F,2000-04-16,pooja.rao2@northpeak.example,2022-04-18,Full-Time,Engineering,Software Engineer Trainee,Bengaluru,NP0008
NP0128,Yash,Desai,M,2000-01-26,yash.desai2@northpeak.example,2021-04-24,Full-Time,Engineering,Software Engineer Trainee,Mumbai,NP0012
NP0129,Kunal,Nair,M,1991-03-24,kunal.nair@northpeak.example,2023-08-16,Full-Time,Engineering,Senior Software Engineer,Delhi,NP0003
NP0130,Priya,Desai,F,1992-09-08,priya.desai@northpeak.example,2021-02-06,Full-Time,Engineering,Software Engineer,Delhi,NP0007
NP0131,Sandeep,Mishra,M,1994-02-20,sandeep.mishra@northpeak.example,2022-06-27,Full-Time,Engineering,Software Engineer,Bengaluru,NP0004
NP0132,Karan,Chopra,M,1992-05-04,karan.chopra@northpeak.example,2018-04-29,Full-Time,Engineering,Software Engineer Trainee,Bengaluru,NP0004
NP0133,Sasha ,Bansal,O,1999-01-09,sasha.bansal@northpeak.example,2024-09-06,Intern,Engineering,Software Engineer Trainee,Pune,NP0014
NP0134,Ramesh,Pandey,M,1998-09-30,ramesh.pandey@northpeak.example,2024-01-11,Full-Time,Engineering,Software Engineer Trainee,Bengaluru,NP0012
NP0135,Komal,Mehta,F,1986-12-07,komal.mehta@northpeak.example,2022-07-06,Full-Time,Engineering,Senior Software Engineer,Mumbai,NP0010
NP0136,Arjun,Srivastava,M,1997-08-05,arjun.srivastava@northpeak.example,2022-04-03,Contract,Engineering,Software Engineer,Mumbai,NP0014
NP0137,Vivek,Rao,M,1996-02-01,vivek.rao@northpeak.example,2021-12-31,Contract,Engineering,Senior Software Engineer,Hyderabad,NP0009
NP0138,Ankit,Mehta,M,1997-02-12,ankit.mehta@northpeak.example,2024-05-18,Full-Time,Engineering,Software Engineer,Bengaluru,NP0006
NP0139,Pallavi,Chauhan,F,1994-03-24,pallavi.chauhan3@northpeak.example,2017-07-26,Full-Time,Engineering,Software Engineer,Mumbai,NP0010
NP0140,Vishal,Mehta,M,1982-08-17,vishal.mehta@northpeak.example,2020-05-09,Full-Time,Engineering,Senior Software Engineer,Delhi,NP0008
NP0141,Shruti,Rao,F,1994-08-30,shruti.rao@northpeak.example,24/05/2024,Full-Time,Engineering,Software Engineer,Hyderabad,NP0003
NP0142,Siddharth,Pandey,M,1989-05-31,siddharth.pandey@northpeak.example,2024-08-06,Full-Time,Engineering,Senior Software Engineer ,Hyderabad,NP0011
NP0143,Radhika,Singh,F,2001-10-22,radhika.singh@northpeak.example,2023-01-26,Full-Time,Engineering,Software Engineer Trainee,Delhi,NP0009
NP0144,Simran,Mishra,F,1987-02-04,simran.mishra@northpeak.example,2018-01-25,Full-Time, engineering ,Senior Software Engineer,Hyderabad,NP0004
NP0145,Yash,Mishra,M,1987-08-05,yash.mishra@northpeak.example,2019-11-17,Contract,Engineering,Senior Software Engineer,Pune,NP0010
NP0146,Ramesh,Reddy,M,1987-02-02,ramesh.reddy@northpeak.example,2017-11-09,Contract,Engineering,Senior Software Engineer,Mumbai,NP0006
NP0147,Yash,Pandey,m,1992-09-08,yash.pandey2@northpeak.example,2022-12-11,Contract,Engineering,Senior Software Engineer,Mumbai,NP0008
NP0148,Tarun,Mehta,male,2003-01-04,tarun.mehta@northpeak.example,2024-04-24,Intern,Engineering,Software Engineer Trainee,Pune,NP0013
NP0149,Gaurav,Desai,Male,1994-04-16,gaurav.desai@northpeak.example,2022-01-14,Full-Time,Engineering,Senior Software Engineer,Bengaluru,NP0009
NP0150,Meera,Saxena,f,1984-12-20,meera.saxena@northpeak.example,2018-01-29,Full-Time,Engineering,Senior Software Engineer,Mumbai,NP0007
NP0151,Neha,Chopra,F,1992-02-20,neha.chopra2@northpeak.example,2025-08-31,Full-Time,Engineering,Senior Software Engineer,Bengaluru,NP0013
NP0152,Shweta,Iyer,F,1966-04-19,shweta.iyer@northpeak.example,2013-12-17,Full-Time,Sales,Regional Sales Head,Mumbai,NP0001
NP0153,Swati,Sharma,F,1979-03-10,swati.sharma@northpeak.example,2015-01-03,Full-Time,Sales,Sales Manager,Delhi,NP0152
NP0154,Yash,Mehta,M,1982-02-28,yash.mehta@northpeak.example,2015-11-11,Full-Time,Sales,Sales Manager,Pune,NP0152
NP0155,Swati,Sharma,F,1973-11-05,swati.sharma2@northpeak.example,2016-03-23,Full-Time,Sales,Sales Manager,Hyderabad,NP0152
NP0156,Pallavi ,Verma,F,1982-04-13,pallavi.verma@northpeak.example,2015-08-28,Full-Time,Sales,Sales Manager,Bengaluru,NP0152
NP0157,Komal,Malhotra,F,1977-11-20,komal.malhotra@northpeak.example,2014-01-11,Full-Time,Sales,Sales Manager,Bengaluru,NP0152
NP0158,Priya,Joshi,F,1977-04-12,priya.joshi@northpeak.example,2015-10-27,Full-Time,Sales,Sales Manager,Pune,NP0152
NP0159,Suresh,Joshi,M,1979-06-12,suresh.joshi@northpeak.example,2016-02-19,Contract,Sales,Sales Manager,Mumbai,NP0152
NP0160,Ritu,Agarwal,F,1983-08-05,ritu.agarwal@northpeak.example,2016-10-12,Full-Time,Sales,Sales Manager,Hyderabad,NP0152
NP0161,Kunal,Kulkarni,M,1990-11-27,kunal.kulkarni2@northpeak.example,2021-07-29,Full-Time,Sales,Senior Sales Executive,Delhi,NP0155
NP0162,Tanvi,Gupta,F,1979-11-15,tanvi.gupta@northpeak.example,2017-08-22,Full-Time,Sales,Senior Sales Executive,Delhi,NP0156
NP0163,Vivek,Mehta,M,1996-03-31,vivek.mehta@northpeak.example,2025-10-10,Full-Time,Sales,Sales Executive,Pune,NP0157
NP0164,Manish,Rao,M,1995-10-14,manish.rao@northpeak.example,2024-01-07,Contract,Sales,Sales Executive,Hyderabad,NP0154
NP0165,Varun,Agarwal,M,1992-12-20,varun.agarwal@northpeak.example,2018-06-14,Full-Time,Sales,Sales Executive,Hyderabad,NP0156
NP0166,Amit,Agarwal,M,1990-12-15,amit.agarwal@northpeak.example,2021-05-26,Full-Time,Sales,Sales Executive,Pune,NP0160
NP0167,Varun,Menon,M,1998-08-06,varun.menon2@northpeak.example,2023-11-09,Full-Time,Sales,Sales Executive,Mumbai,NP0160
NP0168,Naveen,Chauhan,M,1985-12-17,naveen.chauhan@northpeak.example,2021-03-21,Full-Time,Sales,Senior Sales Executive,Lucknow,NP0154
NP0169,Saurabh,Agarwal,M,1982-12-09,saurabh.agarwal@northpeak.example,2019-03-07,Full-Time,Sales,Senior Sales Executive,Hyderabad,NP0154
NP0170,Sandeep,Khan,M,1991-04-20,sandeep.khan@northpeak.example,2020-11-21,Contract,Sales,Sales Executive,Pune,NP0159
NP0171,Megha,Malhotra,F,2001-02-09,megha.malhotra@northpeak.example,2022-10-15,Full-Time,Sales,Sales Trainee,Bengaluru,NP0160
NP0172,Pranav,Joshi,M,1995-08-18,pranav.joshi@northpeak.example,2021-04-08,Full-Time,Sales,Sales Executive,Bengaluru,NP0153
NP0173,Komal,Pandey,F,1997-06-19,komal.pandey@northpeak.example,2024-01-22,Full-Time,Sales,Sales Executive,Lucknow,NP0153
NP0174,Radhika,Menon,F,1999-02-06,radhika.menon@northpeak.example,2023-05-01,Full-Time,Sales,Sales Trainee,Pune,NP0158
NP0175,Suresh,Chauhan,M,1996-12-29,suresh.chauhan@northpeak.example,2022-12-11,Intern,Sales,Sales Trainee,Mumbai,NP0157
NP0176,Vandana,Chopra,f,1983-08-17,vandana.chopra@northpeak.example,2017-10-27,Full-Time,SALES,Senior Sales Executive,Delhi,NP0156
NP0177,Harsh,Kapoor,M,1983-11-21,harsh.kapoor@northpeak.example,2019-11-22,Full-Time,Sales,Senior Sales Executive,Delhi,NP0158
NP0178,Ramesh,Joshi,M,1986-08-23,ramesh.joshi@northpeak.example,2019-05-30,Full-Time,Sales,Senior Sales Executive,Bengaluru,NP0160
NP0179,Saurabh,Gupta,M,1986-10-05,saurabh.gupta@northpeak.example,2021-05-25,Full-Time,Sales,Senior Sales Executive,Lucknow,NP0153
NP0180,Vishal,Menon,M,1995-08-08,vishal.menon@northpeak.example,2020-09-02,Full-Time,Sales,Sales Executive,Mumbai,NP0154
NP0181,Aditya ,Sharma,M,1997-09-13,aditya.sharma2@northpeak.example,2019-09-04,Full-Time,Sales,Sales Executive,Delhi,NP0156
NP0182,Ramesh ,Bhatt,M,1989-03-01,ramesh.bhatt@northpeak.example,2019-01-23,Full-Time,Sales,Senior Sales Executive,Pune,NP0155
NP0183,Neha,Jain,F,1991-02-12,neha.jain@northpeak.example,2019-04-24,Full-Time,Sales,Senior Sales Executive,Bengaluru,NP0160
NP0184,Pallavi,Sharma,F,1998-01-29,pallavi.sharma@northpeak.example,2025-05-13,Full-Time,Sales,Sales Executive,Delhi,NP0157
NP0185,Kunal,Verma,M,2001-04-10,kunal.verma@northpeak.example,2024-10-10,Full-Time,Sales,Sales Executive,Lucknow,NP0156
NP0186,Arjun,Srivastava,M,1998-07-17,arjun.srivastava2@northpeak.example,2022-02-04,Full-Time,Sales,Sales Executive,Bengaluru,NP0153
NP0187,Gaurav,Srivastava,M,2003-03-29,gaurav.srivastava@northpeak.example,2025-06-15,Intern,Sales,Sales Trainee,Mumbai,NP0154
NP0188,Kunal,Das,M,2000-11-22,kunal.das@northpeak.example,2022-04-29,Full-Time,Sales,Sales Trainee,Delhi,NP0159
NP0189,Pooja,Bhatt,F,1995-08-15,pooja.bhatt@northpeak.example,2019-02-01,Full-Time,Sales,Sales Executive,Hyderabad,NP0157
NP0190,Amit,Jain,M,1999-03-27,amit.jain@northpeak.example,2025-03-06,Contract,Sales,Sales Trainee,Bengaluru,NP0155
NP0191,Megha,Singh,F,1988-03-26,megha.singh@northpeak.example,2024-02-24,Full-Time,Sales,Senior Sales Executive,Pune,NP0155
NP0192,Neha,Jain,F,1998-08-12,neha.jain2@northpeak.example,2023-01-03,Full-Time,Sales,Sales Trainee,Bengaluru,NP0153
NP0193,Preeti,Bhatt,F,2002-09-24,preeti.bhatt@northpeak.example,2025-06-29,Intern,Sales,Sales Trainee,Delhi,NP0158
NP0194,Jyoti,Joshi,F,1997-09-20,,2022-01-03,Contract,Sales,Sales Executive,Mumbai,NP0159
NP0195,Nisha,Agarwal,F,1980-03-08,nisha.agarwal@northpeak.example,2018-04-20,Full-Time,Sales,Senior Sales Executive,Bengaluru,NP0159
NP0196,Jyoti,Kapoor,F,1993-02-20,jyoti.kapoor@northpeak.example,2021-10-09,Full-Time,Sales,Sales Executive,Bengaluru,NP0159
NP0197,Abhishek,Iyer,M,1989-03-09,abhishek.iyer@northpeak.example,2019-08-13,Full-Time,Sales,Sales Executive,Bengaluru,NP0154
NP0198,Aarti,Yadav,F,2000-11-19,aarti.yadav@northpeak.example,2022-10-31,Contract,Sales,Sales Trainee,Pune,NP0156
NP0199,Arjun,Tiwari,M,1996-05-08,arjun.tiwari@northpeak.example,2022-07-13,Full-Time,Sales,Sales Executive,Bengaluru,NP0155
NP0200,Neha,Jain,F,1990-12-09,neha.jain3@northpeak.example,2023-02-09,Full-Time,Sales,Senior Sales Executive,Hyderabad,NP0160
NP0201,Karan,Patel,M,1993-03-18,karan.patel@northpeak.example,2020-10-31,Full-Time,Sales,Sales Executive,Bengaluru,NP0158
NP0202,Bhavna,Pandey,F,1994-03-29,bhavna.pandey@northpeak.example,2017-10-09,Full-Time,Sales,Sales Executive,Pune,NP0156
NP0203,Naveen,Bhatt,M,1994-12-07,naveen.bhatt@northpeak.example,2018-01-04,Full-Time,Sales,Sales Executive ,Bengaluru,NP0156
NP0204,Naveen,Chopra,M,1994-01-27,naveen.chopra@northpeak.example,2022-04-25,Full-Time,Sales,Sales Executive,Bengaluru,NP0156
NP0205,Bhavna,Jain,F,1994-06-05,bhavna.jain2@northpeak.example,2025-03-08,Full-Time,Sales,Sales Executive,Delhi,NP0156
NP0206,Megha,Chauhan,F,1989-08-26,megha.chauhan@northpeak.example,2017-09-25,Full-Time,Sales,Senior Sales Executive,Delhi,NP0155
NP0207,Swati,Joshi,F,1995-11-28,swati.joshi@northpeak.example,2024-02-05,Full-Time,Sales,Senior Sales Executive,Pune,NP0159
NP0208,Rekha,Gupta,F,1996-01-05,rekha.gupta@northpeak.example,2025-06-10,Full-Time,Sales,Sales Executive,Mumbai,NP0156
NP0209,Pooja,Srivastava,F,1992-10-28,pooja.srivastava@northpeak.example,2023-01-08,Full-Time,Sales,Sales Executive,Mumbai,NP0156
NP0210,Tarun,Verma,M,1995-07-11,tarun.verma@northpeak.example,2023-11-19,Full-Time,Sales,Sales Executive,Bengaluru,NP0157
NP0211,Harsh,Saxena,M,1995-09-20,harsh.saxena@northpeak.example,2021-12-11,Full-Time,Sales,Sales Executive,Bengaluru,NP0159
NP0212,Isha,Menon,F,1999-09-04,isha.menon@northpeak.example,2022-07-10,Intern,Sales,Sales Trainee,Mumbai,NP0160
NP0213,Mohit,Pandey,M,1988-05-14,mohit.pandey@northpeak.example,2018-07-31,Full-Time,Sales,Sales Executive,Bengaluru,NP0154
NP0214,Varun,Mishra,M,1991-07-15,varun.mishra@northpeak.example,17/06/2022,Full-Time,Sales,Senior Sales Executive,Bengaluru,NP0154
NP0215,Ayesha,Singh,F,1993-06-29,ayesha.singh@northpeak.example,2019-06-20,Full-Time,Sales,Sales Executive,Hyderabad,NP0156
NP0216,Rohit,Chopra,M,2000-12-17,rohit.chopra@northpeak.example,2024-08-30,Full-Time,Sales,Sales Executive,Lucknow,NP0156
NP0217,Siddharth,Verma,M,1980-05-01,siddharth.verma@northpeak.example,2017-12-09,Full-Time,Sales,Senior Sales Executive,Bengaluru,NP0156
NP0218,Saurabh,Sharma,M,1999-04-11,saurabh.sharma@northpeak.example,2025-02-04,Full-Time,Sales,Sales Trainee,Mumbai,NP0157
NP0219,Megha,Pandey,F,1994-01-07,megha.pandey2@northpeak.example,2022-08-05,Full-Time,Sales,Sales Executive,Mumbai,NP0154
NP0220,Sneha,Desai,F,1984-11-05,sneha.desai@northpeak.example,2019-03-22,Full-Time,Sales,Senior Sales Executive,Bengaluru,NP0158
NP0221,Siddharth,Das,M,2000-03-22,siddharth.das2@northpeak.example,2024-06-26,Full-Time,Sales,Sales Executive,Delhi,NP0158
NP0222,Sakshi,Jain,F,1997-09-28,sakshi.jain@northpeak.example,2020-12-24,Full-Time,Sales,Sales Executive,Bengaluru,NP0155
NP0223,Shweta,Malhotra,F,1994-01-01,shweta.malhotra@northpeak.example,2024-10-31,Full-Time,Sales,Sales Executive,Delhi,NP0154
NP0224,Simran,Iyer,F ,1990-04-02,simran.iyer@northpeak.example,2017-02-26,Full-Time,Sales,Sales Executive,Lucknow,NP0155
NP0225,Priya,Reddy,F,1992-10-22,priya.reddy@northpeak.example,2024-08-28,Full-Time,Sales,Senior Sales Executive,Mumbai,NP0155
NP0226,Vivek,Tiwari,M,1995-06-11,vivek.tiwari@northpeak.example,2024-03-24,Full-Time,Sales,Sales Executive,Lucknow,NP0153
NP0227,Gaurav,Bhatt,M,2001-06-23,gaurav.bhatt@northpeak.example,2023-07-22,Intern,Sales,Sales Trainee,Lucknow,NP0157
NP0228,Ayesha,Tiwari,F,1992-11-14,ayesha.tiwari@northpeak.example,2019-05-08,Full-Time,Sales,Sales Executive,Mumbai,NP0153
NP0229,Harsh,Mehta,M,1984-08-05,harsh.mehta@northpeak.example,2022-12-15,Full-Time,Sales,Senior Sales Executive,Hyderabad,NP0155
NP0230,Amit,Mishra,M,2002-03-14,amit.mishra@northpeak.example,2024-02-01,Full-Time,Sales,Sales Trainee,Delhi,NP0157
NP0231,Nikhil,Kapoor,M,1988-11-17,nikhil.kapoor3@northpeak.example,2018-09-04,Full-Time,Sales,Sales Executive,Lucknow,NP0155
NP0232,Abhishek,Gupta,M,1992-02-08,abhishek.gupta@northpeak.example,2017-04-29,Intern,Sales,Sales Trainee,Hyderabad,NP0157
NP0233,Priya,Jain,F,2000-05-30,priya.jain@northpeak.example,2024-02-25,Full-Time,Sales,Sales Executive,Hyderabad,NP0156
NP0234,Deepak,Agarwal,M,1997-02-07,deepak.agarwal@northpeak.example,2022-12-09,Contract,Sales,Senior Sales Executive,Pune,NP0153
NP0235,Manish,Desai,M,1993-08-18,manish.desai@northpeak.example,2022-12-04,Full-Time,Sales,Senior Sales Executive,Bengaluru,NP0159
NP0236,Shruti,Tiwari,F,1999-03-18,shruti.tiwari@northpeak.example,2022-04-10,Full-Time,Sales,Sales Executive ,Bengaluru,NP0153
NP0237,Vandana,Yadav,F,2001-08-31,vandana.yadav@northpeak.example,2025-07-14,Full-Time,Sales ,Sales Trainee,Pune,NP0159
NP0238,Harsh,Srivastava,M,1993-12-25,harsh.srivastava@northpeak.example,2020-12-11,Full-Time,Sales,Senior Sales Executive,Bengaluru,NP0155
NP0239,Shruti,Reddy,F,1995-06-16,shruti.reddy@northpeak.example,2019-11-14,Full-Time,Sales,Sales Executive,Delhi,NP0154
NP0240,Vishal,Agarwal,M,1985-09-05,vishal.agarwal@northpeak.example,2022-01-20,Full-Time,Sales,Senior Sales Executive,Delhi,NP0155
NP0241,Kiran,Nair,O,1998-02-09,kiran.nair@northpeak.example,2022-12-08,Contract,Sales,Sales Trainee,Delhi,NP0153
NP0242,Siddharth,Agarwal,M,1999-08-25,siddharth.agarwal@northpeak.example,2022-09-25,Full-Time, sales ,Sales Executive,Pune,NP0160
NP0243,Yash,Reddy,M,1991-04-10,yash.reddy@northpeak.example,2025-10-03,Full-Time,Sales,Senior Sales Executive,Hyderabad,NP0154
NP0244,Rahul,Patel,M,2001-03-21,rahul.patel@northpeak.example,2022-12-05,Full-Time,Sales,Sales Trainee,Delhi,NP0160
NP0245,Harsh,Desai,M,1998-08-31,harsh.desai@northpeak.example,2021-10-21,Full-Time,Sales,Sales Executive,Delhi,NP0158
NP0246,Arjun,Tiwari,M,1999-01-14,arjun.tiwari2@northpeak.example,2025-09-02,Full-Time,Sales,Sales Executive,Hyderabad,NP0158
NP0247,Ashish,Saxena,M,1992-12-06,ashish.saxena@northpeak.example,2020-09-11,Full-Time,Sales,Sales Executive,Bengaluru,NP0158
NP0248,Ramesh,Saxena,M,2000-07-31,ramesh.saxena@northpeak.example,2023-01-20,Full-Time,Sales,Sales Trainee,Mumbai,NP0159
NP0249,Priya,Yadav,F,2001-12-02,priya.yadav@northpeak.example,2025-09-10,Full-Time,Sales,Sales Executive,Hyderabad,NP0155
NP0250,Kunal,Srivastava,M,1997-06-04,,2023-10-22,Full-Time,Sales,Sales Executive,Pune,NP0159
NP0251,Tanvi ,Menon,F,2002-08-06,tanvi.menon@northpeak.example,2024-11-15,Contract,Sales,Sales Trainee,Bengaluru,NP0158
NP0252,Simran,Malhotra,F,1966-02-20,simran.malhotra@northpeak.example,2012-10-22,Full-Time,Marketing,Head of Marketing,Pune,NP0001
NP0253,Sakshi,Nair,F,1983-11-02,sakshi.nair@northpeak.example,2016-05-15,Full-Time,Marketing,Marketing Manager,Delhi,NP0252
NP0254,Pranav,Singh,M,1978-01-09,pranav.singh@northpeak.example,2015-08-28,Full-Time,Marketing,Marketing Manager,Pune,NP0252
NP0255,Naveen,Saxena,M,1978-05-13,naveen.saxena2@northpeak.example,2015-05-02,Full-Time,Marketing,Marketing Manager,Pune,NP0252
NP0256,Shruti,Malhotra,F,1987-09-21,shruti.malhotra@northpeak.example,2024-06-26,Full-Time,Marketing,Senior Marketing Executive,Lucknow,NP0255
NP0257,Siddharth,Patel,M,1982-08-10,siddharth.patel@northpeak.example,2017-12-22,Full-Time,Marketing,Senior Marketing Executive,Hyderabad,NP0253
NP0258,Naveen,Khan,m,1985-01-03,naveen.khan@northpeak.example,2020-07-04,Full-Time,Marketing,Senior Marketing Executive,Delhi,NP0255
NP0259,Vishal,Iyer,M,1991-08-02,vishal.iyer@northpeak.example,2020-01-18,Full-Time,Marketing,Marketing Executive,Pune,NP0253
NP0260,Naveen,Nair,M,1992-11-12,naveen.nair@northpeak.example,2022-03-23,Full-Time,Marketing,Senior Marketing Executive,Delhi,NP0254
NP0261,Gaurav,Verma,M,1993-01-05,gaurav.verma@northpeak.example,2017-03-31,Full-Time,Marketing,Senior Marketing Executive,Mumbai,NP0255
NP0262,Jyoti,Bhatt,F,1993-04-01,jyoti.bhatt@northpeak.example,2023-02-26,Full-Time,Marketing,Senior Marketing Executive,Delhi,NP0255
NP0263,Varun,Rao,M,1990-10-13,varun.rao@northpeak.example,2019-07-13,Full-Time,Marketing,Senior Marketing Executive,Pune,NP0254
NP0264,Aditya,Chopra,M,1990-12-03,aditya.chopra@northpeak.example,2020-11-05,Full-Time,Marketing,Marketing Executive,Delhi,NP0253
NP0265,Bhavna,Chauhan,F,1992-07-17,bhavna.chauhan2@northpeak.example,2020-07-22,Full-Time,Marketing,Marketing Executive,Hyderabad,NP0255
NP0266,Ramesh,Patel,M,2002-09-19,ramesh.patel@northpeak.example,2024-11-15,Contract,Marketing,Marketing Trainee,Lucknow,NP0253
NP0267,Amit,Iyer,M,1999-05-27,amit.iyer@northpeak.example,2025-01-30,Full-Time,Marketing,Marketing Trainee,Pune,NP0255
NP0268,Mohit,Malhotra,M,1992-02-06,,2020-09-12,Full-Time,Marketing,Marketing Executive,Bengaluru,NP0255
NP0269,Ankit ,Bhatt,M,1989-02-17,ankit.bhatt@northpeak.example,2020-10-23,Full-Time,Marketing,Senior Marketing Executive,Bengaluru,NP0254
NP0270,Mohit,Khan,M,1983-04-13,mohit.khan2@northpeak.example,2017-02-08,Full-Time,Marketing,Senior Marketing Executive,Hyderabad,NP0255
NP0271,Gaurav,Yadav,M,2000-10-01,gaurav.yadav@northpeak.example,2025-04-22,Full-Time,Marketing,Marketing Executive,Delhi,NP0254
NP0272,Abhishek,Mishra,M,1995-01-08,abhishek.mishra@northpeak.example,2021-02-08,Full-Time,Marketing,Senior Marketing Executive,Hyderabad,NP0254
NP0273,Tarun,Yadav,M,1998-11-24,tarun.yadav2@northpeak.example,2022-04-06,Full-Time,Marketing,Marketing Trainee,Bengaluru,NP0255
NP0274,Nisha,Mishra,F,1992-05-28,nisha.mishra@northpeak.example,2023-04-02,Full-Time,Marketing,Senior Marketing Executive,Bengaluru,NP0254
NP0275,Vandana,Reddy,F,1988-06-03,vandana.reddy@northpeak.example,2017-11-19,Full-Time,Marketing,Marketing Executive,Bengaluru,NP0255
NP0276,Mohit,Mehta,M,2001-09-02,mohit.mehta@northpeak.example,26/11/2022,Intern,Marketing,Marketing Executive,Mumbai,NP0255
NP0277,Jaya,Gupta,O,1990-11-28,jaya.gupta@northpeak.example,2017-06-25,Full-Time,Marketing,Marketing Executive,Pune,NP0255
NP0278,Saurabh,Srivastava,M,1989-12-15,saurabh.srivastava@northpeak.example,2019-03-01,Full-Time,Marketing,Marketing Executive ,Bengaluru,NP0253
NP0279,Saurabh,Singh,M,1996-06-26,saurabh.singh@northpeak.example,2025-10-21,Full-Time,Marketing,Marketing Executive,Pune,NP0255
NP0280,Neha,Joshi,F,1989-01-26,neha.joshi2@northpeak.example,2018-06-06,Full-Time,Marketing,Senior Marketing Executive,Bengaluru,NP0253
NP0281,Ashish,Khan,M,1996-05-29,ashish.khan@northpeak.example,09/10/2023,Full-Time,Marketing,Marketing Executive,Delhi,NP0253
NP0282,Deepak,Khan,M,1995-02-02,deepak.khan@northpeak.example,2024-01-29,Contract,Marketing,Marketing Executive,Bengaluru,NP0254
NP0283,Pallavi,Singh,F,1994-05-10,pallavi.singh@northpeak.example,2023-11-25,Full-Time,Marketing,Senior Marketing Executive,Bengaluru,NP0255
NP0284,Kunal,Singh,M,1989-05-09,kunal.singh@northpeak.example,2019-04-01,Full-Time,Marketing,Senior Marketing Executive,Bengaluru,NP0255
NP0285,Vandana,Singh,F,1996-07-12,vandana.singh@northpeak.example,2024-11-11,Full-Time,Marketing,Marketing Executive,Bengaluru,NP0253
NP0286,Yash,Tiwari,M,1995-02-18,yash.tiwari@northpeak.example,2020-12-12,Full-Time,Marketing,Marketing Trainee,Lucknow,NP0253
NP0287,Rohit,Yadav,M,1999-12-28,rohit.yadav@northpeak.example,2023-06-19,Full-Time,Marketing,Marketing Trainee,Mumbai,NP0255
NP0288,Preeti,Nair,F,1997-06-25,preeti.nair@northpeak.example,2024-07-28,Full-Time,Marketing,Marketing Executive,Hyderabad,NP0255
NP0289,Rohit,Chopra,M,1996-11-26,rohit.chopra2@northpeak.example,2020-01-03,Intern,Marketing,Marketing Trainee,Lucknow,NP0254
NP0290,Suresh,Iyer,M,1994-11-08,suresh.iyer@northpeak.example,2021-02-18,Full-Time,Marketing,Senior Marketing Executive,Bengaluru,NP0255
NP0291,Megha,Mishra,F,1995-11-23,megha.mishra@northpeak.example,2024-10-05,Full-Time,Marketing,Marketing Executive,Mumbai,NP0255
NP0292,Naveen,Bansal,M,1965-12-18,naveen.bansal@northpeak.example,2011-09-20,Full-Time,HR,HR Head,Bengaluru,NP0001
NP0293,Tarun,Sharma,M,1983-12-18,tarun.sharma@northpeak.example,2016-11-27,Full-Time,HR,HR Manager,Hyderabad,NP0292
NP0294,Harsh,Bansal,M,1980-05-04,harsh.bansal@northpeak.example,2015-12-04,Full-Time,HR,HR Manager,Bengaluru,NP0292
NP0295,Ritu,Mehta,F,1980-04-22,ritu.mehta@northpeak.example,2018-07-07,Full-Time,HR,Senior HR Executive,Bengaluru,NP0294
NP0296,Ramesh,Patel,M,1991-05-22,ramesh.patel2@northpeak.example,2022-04-08,Full-Time,HR,Senior HR Executive,Delhi,NP0293
NP0297,Ashish,Menon,M,1993-11-30,ashish.menon2@northpeak.example,2019-04-24,Full-Time,HR,HR Executive,Bengaluru,NP0293
NP0298,Neha,Verma,F,1998-05-31,neha.verma@northpeak.example,2023-11-22,Full-Time,HR,Senior HR Executive,Bengaluru,NP0294
NP0299,Karan,Chauhan,M,1994-09-01,karan.chauhan@northpeak.example,2021-11-03,Full-Time,HR,Senior HR Executive,Pune,NP0294
NP0300,Kunal,Mehta,m,1994-04-24,kunal.mehta@northpeak.example,2019-03-25,Full-Time,HR,HR Executive,Bengaluru,NP0293
NP0301,Komal,Chauhan,F,1983-08-16,komal.chauhan@northpeak.example,2019-01-01,Full-Time,HR ,Senior HR Executive,Pune,NP0294
NP0302,Komal,Joshi,F,1995-05-16,komal.joshi@northpeak.example,2023-12-13,Full-Time,HR,HR Executive,Hyderabad,NP0293
NP0303,Preeti,Joshi,F,1998-06-13,preeti.joshi@northpeak.example,2022-01-18,Full-Time,HR,HR Executive,Bengaluru,NP0294
NP0304,Rohit,Bansal,M,1998-11-25,rohit.bansal@northpeak.example,2025-08-15,Full-Time,HR,HR Executive,Mumbai,NP0294
NP0305,Deepak,Nair,M,1999-06-14,deepak.nair@northpeak.example,2024-04-25,Full-Time,HR,HR Trainee,Lucknow,NP0293
NP0306,Sandeep,Sharma,M,1983-05-27,sandeep.sharma@northpeak.example,2017-09-14,Full-Time,HR,Senior HR Executive,Delhi,NP0293
NP0307,Abhishek,Chopra,M,1992-12-20,abhishek.chopra@northpeak.example,2021-09-24,Full-Time,HR,Senior HR Executive,Hyderabad,NP0293
NP0308,Nikhil,Mishra,M,1997-03-27,nikhil.mishra@northpeak.example,2022-03-10,Full-Time,HR,HR Trainee,Pune,NP0293
NP0309,Shweta,Menon,F,1985-07-27,shweta.menon@northpeak.example,2019-01-09,Full-Time,HR,Senior HR Executive,Mumbai,NP0293
NP0310,Harsh,Verma,M,1993-12-29,harsh.verma@northpeak.example,2022-11-14,Full-Time,HR,HR Executive,Pune,NP0293
NP0311,Komal,Desai,F,1990-02-08,komal.desai@northpeak.example,2020-02-18,Full-Time,HR,Senior HR Executive,Mumbai,NP0294
NP0312,Meera,Chauhan,F,1992-12-14,meera.chauhan@northpeak.example,2018-01-18,Full-Time,HR,HR Executive,Mumbai,NP0294
NP0313,Shweta,Kapoor,F,1984-12-14,shweta.kapoor@northpeak.example,2023-01-15,Full-Time,HR,Senior HR Executive,Hyderabad,NP0294
NP0314,Sandeep,Gupta,M,2001-05-04,sandeep.gupta@northpeak.example,2022-08-15,Full-Time,HR,HR Trainee,Pune,NP0293
NP0315,Tarun,Verma,M,2004-01-08,tarun.verma2@northpeak.example,2025-04-23,Intern,HR,HR Trainee,Delhi,NP0294
NP0316,Yash,Verma,M,1991-03-23,yash.verma@northpeak.example,2022-04-30,Full-Time,HR,Senior HR Executive,Bengaluru,NP0294
NP0317,Ayesha,Menon,F,1973-03-03,ayesha.menon@northpeak.example,2013-12-13,Full-Time,Finance,Finance Head,Delhi,NP0001
NP0318,Tanvi,Chopra,F,1974-06-19,tanvi.chopra@northpeak.example,2014-12-08,Full-Time,Finance,Finance Manager,Pune,NP0317
NP0319,Isha,Bhatt,F,1973-03-21,isha.bhatt@northpeak.example,2015-10-27,Full-Time,Finance ,Finance Manager,Hyderabad,NP0317
NP0320,Varun,Sharma,m,1984-02-21,varun.sharma2@northpeak.example,2016-07-15,Full-Time,Finance,Finance Manager,Bengaluru,NP0317
NP0321,Mohit,Mehta, M,1995-07-01,mohit.mehta2@northpeak.example,2023-07-20,Full-Time,Finance,Senior Finance Analyst,Pune,NP0320
NP0322,Harsh,Gupta,M,1992-04-03,harsh.gupta@northpeak.example,2023-03-22,Full-Time,Finance,Finance Analyst,Delhi,NP0320
NP0323,Ramesh,Bansal,M,1997-03-17,ramesh.bansal@northpeak.example,2021-05-17,Full-Time,Finance,Finance Trainee,Hyderabad,NP0319
NP0324,Manish,Mehta,M,1996-02-02,manish.mehta@northpeak.example,2020-01-11,Full-Time,Finance,Finance Analyst,Bengaluru,NP0319
NP0325,Mohit,Desai,M,1995-06-13,mohit.desai@northpeak.example,2019-03-19,Full-Time,Finance,Senior Finance Analyst,Pune,NP0319
NP0326,Manish,Verma,M,1995-07-02,manish.verma@northpeak.example,2023-02-06,Full-Time,Finance,Finance Analyst,Hyderabad,NP0320
NP0327,Ankit,Das,M,1985-06-17,ankit.das@northpeak.example,2020-05-01,Full-Time,Finance,Senior Finance Analyst,Delhi,NP0319
NP0328,Harsh,Sharma,M,1998-10-15,harsh.sharma@northpeak.example,2022-01-29,Full-Time,Finance,Finance Trainee,Pune,NP0318
NP0329,Sakshi,Singh,F,2002-07-06,sakshi.singh@northpeak.example,2025-09-30,Full-Time,Finance,Finance Trainee,Mumbai,NP0320
NP0330,Saurabh,Jain,M,1996-05-18,saurabh.jain@northpeak.example,2025-09-13,Full-Time,Finance,Finance Analyst,Bengaluru,NP0318
NP0331,Gaurav,Joshi,M,1992-06-17,gaurav.joshi@northpeak.example,2025-02-22,Contract,Finance,Senior Finance Analyst,Pune,NP0318
NP0332,Rekha,Sharma,F,2000-02-13,rekha.sharma2@northpeak.example,2025-07-05,Intern,Finance ,Finance Trainee,Pune,NP0319
NP0333,Sandeep,Bansal,M,1997-08-31,sandeep.bansal@northpeak.example,2025-07-05,Full-Time,Finance,Finance Analyst,Hyderabad,NP0319
NP0334,Kiran,Menon,O,1988-09-19,kiran.menon@northpeak.example,2024-12-08,Full-Time,Finance,Senior Finance Analyst,Mumbai,NP0319
NP0335,Ramesh,Jain,M,1986-12-09,ramesh.jain@northpeak.example,2024-04-27,Full-Time,Finance,Senior Finance Analyst,Bengaluru,NP0319
NP0336,Ashish ,Malhotra,M,1997-03-18,ashish.malhotra@northpeak.example,2022-10-02,Full-Time,Finance,Finance Analyst,Bengaluru,NP0320
NP0337,Kiran,Verma,O,1993-09-14,kiran.verma@northpeak.example,2019-04-26,Full-Time,Finance,Senior Finance Analyst,Mumbai,NP0320
NP0338,Pranav,Yadav,M,1995-01-11,pranav.yadav@northpeak.example,2018-10-03,Full-Time,Finance,Finance Analyst,Pune,NP0320
NP0339,Sneha,Iyer,F,1994-08-10,sneha.iyer@northpeak.example,2022-03-22,Full-Time,Finance,Finance Analyst,Pune,NP0320
NP0340,Pooja,Gupta,F,1984-09-05,pooja.gupta@northpeak.example,2021-08-27,Full-Time,Finance,Senior Finance Analyst,Delhi,NP0318
NP0341,Pallavi,Saxena,F,2002-05-19,pallavi.saxena@northpeak.example,2024-07-20,Contract,Finance,Finance Trainee,Pune,NP0319
NP0342,Ayesha,Chauhan,F,1994-11-11,ayesha.chauhan@northpeak.example,2020-02-02,Full-Time,Finance,Finance Analyst,Pune,NP0318
NP0343,Meera,Sharma,F,1983-01-17,meera.sharma@northpeak.example,2017-09-27,Full-Time,Finance,Senior Finance Analyst,Hyderabad,NP0318
NP0344,Ashish,Pandey,M,1998-04-20,ashish.pandey3@northpeak.example,2020-05-14,Full-Time,Finance,Finance Trainee,Pune,NP0320
NP0345,Karan,Gupta,M,1986-06-18,karan.gupta@northpeak.example,2023-11-10,Full-Time,Finance,Senior Finance Analyst,Lucknow,NP0318
NP0346,Simran,Bansal,F,1994-04-09,simran.bansal@northpeak.example,2018-09-05,Full-Time,Finance,Finance Analyst,Bengaluru,NP0319
NP0347,Tarun,Das,M,1997-12-07,tarun.das@northpeak.example,2025-07-12,Full-Time,Finance,Finance Analyst,Pune,NP0318
NP0348,Deepak,Iyer,M,1997-08-07,deepak.iyer@northpeak.example,2024-10-05,Full-Time,Finance,Senior Finance Analyst,Lucknow,NP0320
NP0349,Ashish,Iyer,M,1991-07-09,ashish.iyer@northpeak.example,2018-11-15,Full-Time,Finance,Finance Analyst,Mumbai,NP0320
NP0350,Rahul,Srivastava,M,1984-06-29,rahul.srivastava@northpeak.example,2022-03-01,Full-Time,Finance,Senior Finance Analyst,Hyderabad,NP0318
NP0351,Anjali ,Khan,F,1985-05-16,anjali.khan@northpeak.example,2024-04-27,Full-Time,Finance,Senior Finance Analyst,Lucknow,NP0318
NP0352,Swati,Chopra,F,1963-10-29,swati.chopra@northpeak.example,2012-07-28,Full-Time,Operations,Head of Operations,Mumbai,NP0001
NP0353,Meera,Bansal,F,1982-01-26,meera.bansal@northpeak.example,2015-10-07,Full-Time,Operations,Operations Manager,Bengaluru,NP0352
NP0354,Harsh,Jain,Male,1976-08-16,harsh.jain@northpeak.example,2016-11-02,Full-Time,Operations,Operations Manager,Bengaluru,NP0352
NP0355,Sakshi,Rao,F,1980-04-07,sakshi.rao@northpeak.example,2014-07-21,Full-Time,Operations,Operations Manager,Pune,NP0352
NP0356,Vishal,Singh,M,1980-10-05,vishal.singh@northpeak.example,2014-06-28,Full-Time,Operations,Operations Manager ,Bengaluru,NP0352
NP0357,Suresh,Pandey,M,1977-07-05,suresh.pandey@northpeak.example,2015-02-15,Full-Time,Operations,Operations Manager,Bengaluru,NP0352
NP0358,Karan,Verma,M,1978-09-25,karan.verma@northpeak.example,2015-08-04,Full-Time,Operations,Operations Manager,Pune,NP0352
NP0359,Nikhil,Kulkarni,M,1999-11-07,nikhil.kulkarni@northpeak.example,2024-07-02,Full-Time, operations ,Operations Executive,Mumbai,NP0355
NP0360,Ankit,Chopra,M,2000-04-11,ankit.chopra@northpeak.example,04/04/2023,Intern,Operations,Operations Trainee,Bengaluru,NP0357
NP0361,Tarun,Saxena,M,1995-10-08,tarun.saxena@northpeak.example,2020-03-22,Full-Time,Operations,Operations Executive,Bengaluru,NP0353
NP0362,Bhavna,Bansal,F,1996-11-22,bhavna.bansal@northpeak.example,2022-05-16,Contract,Operations,Operations Trainee,Pune,NP0358
NP0363,Ramesh,Agarwal,M,1999-11-22,ramesh.agarwal@northpeak.example,2025-04-27,Full-Time,Operations,Operations Executive,Mumbai,NP0355
NP0364,Shruti,Saxena,F,1998-05-19,shruti.saxena@northpeak.example,2021-08-01,Full-Time,Operations,Operations Executive,Bengaluru,NP0357
NP0365,Siddharth,Kulkarni,M,1995-07-23,siddharth.kulkarni@northpeak.example,2023-09-06,Full-Time,Operations,Operations Executive,Pune,NP0358
NP0366,Tarun,Khan,M,1988-09-27,tarun.khan@northpeak.example,2022-08-13,Full-Time,Operations,Senior Operations Executive,Hyderabad,NP0353
NP0367,Kavita,Joshi,F,1981-12-25,kavita.joshi@northpeak.example,2019-02-27,Contract,Operations,Senior Operations Executive,Bengaluru,NP0355
NP0368,Isha,Das,F,1994-09-12,isha.das@northpeak.example,2024-05-01,Full-Time,Operations,Senior Operations Executive,Pune,NP0358
NP0369,Pranav,Khan,M,1995-04-13,pranav.khan@northpeak.example,2023-04-30,Full-Time,Operations,Operations Executive,Mumbai,NP0355
NP0370,Kunal,Verma,M,1996-11-28,kunal.verma2@northpeak.example,2023-07-27,Full-Time,Operations,Senior Operations Executive,Pune,NP0353
NP0371,Gaurav,Jain,M,1993-02-15,gaurav.jain@northpeak.example,2023-12-05,Full-Time,Operations,Operations Executive,Hyderabad,NP0353
NP0372,Radhika,Sharma,F,1985-08-12,radhika.sharma@northpeak.example,2017-04-16,Full-Time,Operations,Senior Operations Executive,Bengaluru,NP0355
NP0373,Aditya,Malhotra,M,1988-08-13,aditya.malhotra@northpeak.example,2017-12-24,Contract,Operations,Senior Operations Executive,Pune,NP0358
NP0374,Shweta,Rao,F,1993-11-21,shweta.rao@northpeak.example,2024-10-12,Full-Time,Operations,Operations Executive,Hyderabad,NP0356
NP0375,Vivek,Kulkarni,M,1995-01-04,vivek.kulkarni@northpeak.example,2024-09-02,Full-Time,Operations,Operations Executive,Pune,NP0357
NP0376,Saurabh,Bansal,M,1985-08-20,saurabh.bansal@northpeak.example,2022-07-19,Full-Time,Operations,Senior Operations Executive,Mumbai,NP0358
NP0377,Tarun,Gupta,M,1996-07-14,tarun.gupta@northpeak.example,2025-04-20,Full-Time,Operations,Operations Executive,Mumbai,NP0357
NP0378,Kunal,Rao,M,1994-05-10,kunal.rao@northpeak.example,2017-03-11,Full-Time,Operations,Operations Trainee,Mumbai,NP0353
NP0379,Pallavi,Gupta,F,1993-10-07,pallavi.gupta@northpeak.example,2025-03-05,Full-Time,Operations,Senior Operations Executive,Mumbai,NP0354
NP0380,Aarti,Chopra,F,1985-10-29,aarti.chopra@northpeak.example,2017-11-28,Contract,Operations,Senior Operations Executive,Bengaluru,NP0355
NP0381,Siddharth ,Iyer,M,1996-01-01,siddharth.iyer@northpeak.example,2020-08-14,Full-Time,Operations,Operations Executive,Bengaluru,NP0354
NP0382,Rahul,Jain,M,1992-05-29,rahul.jain@northpeak.example,2022-03-19,Full-Time,Operations,Senior Operations Executive,Mumbai,NP0355
NP0383,Tarun,Tiwari,M,1992-03-23,tarun.tiwari@northpeak.example,2022-05-24,Contract,Operations,Operations Executive,Bengaluru,NP0353
NP0384,Anjali,Menon,F,2001-08-30,anjali.menon@northpeak.example,2023-11-28,Full-Time,Operations,Operations Trainee,Bengaluru,NP0356
NP0385,Nikhil,Mehta,M,2003-06-18,nikhil.mehta@northpeak.example,2024-09-23,Full-Time,Operations,Operations Trainee,Lucknow,NP0358
NP0386,Yash,Singh,M,1997-12-05,yash.singh@northpeak.example,2022-02-03,Contract,Operations,Operations Executive,Pune,NP0353
NP0387,Preeti,Menon,F ,1995-08-26,preeti.menon@northpeak.example,2023-04-23,Full-Time,Operations,Senior Operations Executive,Delhi,NP0353
NP0388,Ramesh,Nair,M,1995-09-25,ramesh.nair@northpeak.example,2020-06-05,Full-Time,Operations,Senior Operations Executive,Delhi,NP0357
NP0389,Sandeep,Kapoor,M,2002-03-12,sandeep.kapoor@northpeak.example,2024-04-03,Full-Time,Operations,Operations Trainee,Hyderabad,NP0358
NP0390,Simran,Gupta,F,2000-07-19,simran.gupta@northpeak.example,2022-03-25,Full-Time,Operations,Operations Trainee ,Bengaluru,NP0358
NP0391,Karan,Das,M,1994-09-08,karan.das@northpeak.example,2018-07-09,Full-Time,Operations,Operations Executive,Hyderabad,NP0356
NP0392,Vandana,Iyer,F,1997-12-15,vandana.iyer@northpeak.example,2025-01-10,Full-Time,Operations,Operations Executive,Bengaluru,NP0356
NP0393,Siddharth,Patel,M,1998-05-20,siddharth.patel2@northpeak.example,2022-03-30,Full-Time,Operations,Operations Trainee,Delhi,NP0355
NP0394,Vivek,Jain,M,1997-01-01,vivek.jain@northpeak.example,2025-04-28,Full-Time,Operations,Operations Executive,Hyderabad,NP0356
NP0395,Kavita,Iyer,F,1989-05-24,kavita.iyer@northpeak.example,2019-08-23,Full-Time,Operations,Operations Executive,Bengaluru,NP0353
NP0396,Deepak,Das,M,1998-09-06,deepak.das2@northpeak.example,2024-07-28,Full-Time,Operations,Operations Executive,Delhi,NP0355
NP0397,Siddharth,Desai,M,1989-04-24,siddharth.desai@northpeak.example,2019-08-28,Full-Time,Operations,Senior Operations Executive,Hyderabad,NP0355
NP0398,Naveen,Kulkarni,M,1997-07-22,naveen.kulkarni@northpeak.example,2022-03-10,Full-Time,Operations,Senior Operations Executive,Bengaluru,NP0356
NP0399,Vivek,Joshi,M,1988-05-10,vivek.joshi@northpeak.example,2018-05-05,Full-Time,Operations,Senior Operations Executive,Bengaluru,NP0353
NP0400,Ashish,Verma,M,1995-07-20,ashish.verma@northpeak.example,2025-07-07,Contract,Operations,Operations Executive,Pune,NP0358
NP0401,Sneha,Yadav,F,1994-05-20,sneha.yadav@northpeak.example,2022-06-15,Full-Time,Operations,Operations Executive,Mumbai,NP0355
NP0402,Jyoti,Bhatt,F,1992-07-25,jyoti.bhatt2@northpeak.example,2018-11-17,Full-Time,Operations,Senior Operations Executive,Hyderabad,NP0353
NP0403,Pranav,Rao,M,1997-03-07,pranav.rao2@northpeak.example,2024-10-23,Full-Time,Operations,Operations Executive,Bengaluru,NP0353
NP0404,Ashish,Sharma,M,2001-03-15,ashish.sharma2@northpeak.example,2024-10-13,Full-Time,Operations,Operations Trainee,Bengaluru,NP0354
NP0405,Isha ,Khan,F,1990-05-21,isha.khan@northpeak.example,2023-04-21,Full-Time,Operations,Senior Operations Executive,Bengaluru,NP0357
NP0406,Deepak,Bhatt,M,1999-10-05,deepak.bhatt@northpeak.example,2022-12-18,Full-Time,Operations,Operations Executive,Bengaluru,NP0354
NP0407,Arjun,Kapoor,M,2000-02-14,arjun.kapoor@northpeak.example,2025-09-26,Full-Time,Operations,Operations Executive,Pune,NP0354
NP0408,Harsh,Bhatt,M,1993-01-19,harsh.bhatt@northpeak.example,2018-09-10,Contract,Operations,Operations Executive,Mumbai,NP0353
NP0409,Komal,Kapoor,F,2004-01-26,komal.kapoor@northpeak.example,2025-09-27,Full-Time,Operations,Operations Trainee,Bengaluru,NP0357
NP0410,Abhishek,Patel,M,1994-07-27,abhishek.patel@northpeak.example,2020-08-06,Contract,Operations,Operations Executive,Hyderabad,NP0357
NP0411,Nisha,Chopra,F,1999-10-15,nisha.chopra@northpeak.example,2025-05-20,Full-Time,Operations,Operations Executive,Lucknow,NP0353
NP0412,Isha,Desai,f,1999-06-05,isha.desai@northpeak.example,2023-08-15,Contract,Operations,Operations Executive,Pune,NP0358
NP0413,Ashish,Srivastava,M,1988-09-25,ashish.srivastava@northpeak.example,2020-04-24,Full-Time,Operations,Senior Operations Executive,Pune,NP0353
NP0414,Yash,Agarwal,M,1993-08-29,yash.agarwal@northpeak.example,2023-09-11,Full-Time,Operations,Senior Operations Executive,Bengaluru,NP0355
NP0415,Suresh,Mishra,M,1992-01-08,suresh.mishra@northpeak.example,2020-11-09,Full-Time,Operations,Senior Operations Executive,Bengaluru,NP0353
NP0416,Arjun,Mehta,m,2001-08-01,arjun.mehta@northpeak.example,2025-03-24,Full-Time,Operations,Operations Trainee,Bengaluru,NP0355
NP0417,Amit ,Das,M,1996-09-02,amit.das@northpeak.example,2022-06-07,Full-Time,Operations,Operations Executive,Pune,NP0358
NP0418,Abhishek,Mishra,M,1993-05-01,abhishek.mishra2@northpeak.example,2017-10-22,Full-Time,Operations,Operations Executive,Mumbai,NP0357
NP0419,Pooja,Bansal,F,1994-11-17,pooja.bansal@northpeak.example,2024-12-25,Full-Time,Operations,Operations Executive,Lucknow,NP0358
NP0420,Ramesh,Nair,M,2001-09-28,ramesh.nair2@northpeak.example,2023-12-02,Intern,Operations,Operations Executive,Delhi,NP0355
NP0421,Harsh,Bhatt,M,1967-05-19,harsh.bhatt2@northpeak.example,2011-06-09,Full-Time,Customer Support,Head of Customer Support,Hyderabad,NP0001
NP0422,Bhavna,Nair,F,1972-10-09,bhavna.nair@northpeak.example,2014-01-22,Full-Time,Customer Support,Support Manager,Pune,NP0421
NP0423,Gaurav,Bhatt,M,1974-08-22,gaurav.bhatt2@northpeak.example,2015-12-23,Contract,Customer Support,Support Manager,Bengaluru,NP0421
NP0424,Pooja,Srivastava,F,1978-04-27,pooja.srivastava2@northpeak.example,2014-01-09,Full-Time,Customer Support,Support Manager,Lucknow,NP0421
NP0425,Manish,Bansal,M,1982-12-10,manish.bansal2@northpeak.example,2016-05-18,Full-Time,Customer Support,Support Manager,Hyderabad,NP0421
NP0426,Aditya,Das,M,1977-09-08,aditya.das@northpeak.example,2014-08-25,Full-Time,Customer Support,Support Manager,Mumbai,NP0421
NP0427,Vivek,Mishra,M,1972-11-11,vivek.mishra@northpeak.example,2015-01-03,Contract,Customer Support,Support Manager,Mumbai,NP0421
NP0428,Nikhil,Kapoor,M,1979-02-12,nikhil.kapoor4@northpeak.example,2014-12-12,Full-Time,Customer Support,Support Manager,Pune,NP0421
NP0429,Vivek,Das,M,1977-07-26,vivek.das@northpeak.example,2016-03-30,Contract,Customer Support,Support Manager,Bengaluru,NP0421
NP0430,Aarti,Das,F,1994-03-03,aarti.das@northpeak.example,2022-05-20,Full-Time,Customer Support,Support Executive,Pune,NP0422
NP0431,Pranav,Kapoor,M,2000-08-09,pranav.kapoor@northpeak.example,2023-08-25,Full-Time,Customer Support,Support Executive,Bengaluru,NP0429
NP0432,Sandeep,Joshi,M,1985-02-26,sandeep.joshi@northpeak.example,2023-09-13,Full-Time,Customer Support ,Senior Support Executive,Pune,NP0424
NP0433,Mohit,Chopra,M,1994-06-25,mohit.chopra@northpeak.example,17/11/2022,Full-Time,Customer Support,Support Executive,Delhi,NP0428
NP0434,Arjun,Rao,M,1991-03-16,arjun.rao@northpeak.example,2017-07-19,Full-Time,Customer Support,Support Executive,Bengaluru,NP0427
NP0435,Isha,Khan,F,1990-08-25,isha.khan2@northpeak.example,2020-01-08,Full-Time,Customer Support,Senior Support Executive,Pune,NP0429
NP0436,Deepak,Malhotra,M,1998-11-15,deepak.malhotra@northpeak.example,2023-02-26,Full-Time,Customer Support,Support Trainee,Bengaluru,NP0427
NP0437,Neha,Kulkarni,F,1995-05-22,neha.kulkarni@northpeak.example,2020-03-20,Full-Time,Customer Support,Support Executive,Hyderabad,NP0425
NP0438,Varun,Patel,M,1993-06-28,varun.patel@northpeak.example,2024-06-05,Full-Time,Customer Support,Support Executive,Lucknow,NP0427
NP0439,Jyoti,Menon,F,2002-11-22,jyoti.menon@northpeak.example,2024-08-15,Full-Time,Customer Support,Support Trainee,Delhi,NP0428
NP0440,Deepak,Menon,M,2003-03-14,deepak.menon@northpeak.example,2025-07-22,Full-Time,Customer Support,Support Trainee,Delhi,NP0428
NP0441,Vishal,Singh,M,1993-07-03,vishal.singh2@northpeak.example,22/09/2019,Full-Time,Customer Support,Support Executive,Mumbai,NP0428
NP0442,Deepak,Chauhan,M,1993-09-28,deepak.chauhan@northpeak.example,2022-04-24,Full-Time,Customer Support,Senior Support Executive,Bengaluru,NP0423
NP0443,Rohit,Reddy,M,1989-01-31,rohit.reddy3@northpeak.example,2025-04-03,Contract,Customer Support,Senior Support Executive,Bengaluru,NP0426
NP0444,Saurabh,Khan,M,1990-07-08,saurabh.khan@northpeak.example,2018-03-15,Full-Time,Customer Support,Senior Support Executive,Bengaluru,NP0429
NP0445,Ankit,Tiwari,M,1990-05-17,ankit.tiwari@northpeak.example,2021-05-26,Full-Time,Customer Support,Senior Support Executive,Mumbai,NP0427
NP0446,Aarti,Sharma,F,1993-04-30,aarti.sharma@northpeak.example,2022-09-07,Full-Time,Customer Support,Support Executive,Bengaluru,NP0425
NP0447,Meera,Chauhan,Female,1990-02-03,meera.chauhan2@northpeak.example,2018-10-12,Full-Time,Customer Support,Senior Support Executive,Mumbai,NP0428
NP0448,Vikram,Bhatt,M,2000-01-29,vikram.bhatt@northpeak.example,2023-12-22,Full-Time,Customer Support,Support Executive,Bengaluru,NP0427
NP0449,Vandana,Bansal,F,1987-04-07,vandana.bansal@northpeak.example,2019-11-24,Full-Time,Customer Support,Senior Support Executive,Hyderabad,NP0424
NP0450,Vikram,Srivastava,M,1995-10-17,vikram.srivastava@northpeak.example,2021-11-30,Full-Time,Customer Support,Support Executive,Bengaluru,NP0425
NP0451,Komal,Tiwari,F,1990-01-07,komal.tiwari@northpeak.example,2020-03-07,Full-Time,Customer Support,Support Executive,Bengaluru,NP0428
NP0452,Sandeep,Sharma,M,2002-06-07,sandeep.sharma2@northpeak.example,2025-10-18,Intern,Customer Support,Support Trainee,Bengaluru,NP0424
NP0453,Pallavi,Chopra,F,1985-03-23,pallavi.chopra@northpeak.example,2023-10-25,Contract,Customer Support,Senior Support Executive,Lucknow,NP0428
NP0454,Varun,Rao,M,1999-01-28,varun.rao2@northpeak.example,2022-04-04,Contract,Customer Support,Support Trainee,Bengaluru,NP0428
NP0455,Arjun,Mehta,M,1989-08-02,arjun.mehta2@northpeak.example,2019-12-23,Full-Time,Customer Support,Support Executive,Hyderabad,NP0426
NP0456,Kavita,Pandey,F,1993-09-12,kavita.pandey@northpeak.example,2023-10-09,Full-Time,Customer Support,Support Executive,Hyderabad,NP0429
NP0457,Arya,Mishra,O,1995-02-01,arya.mishra@northpeak.example,2019-10-11,Intern,Customer Support,Support Trainee,Mumbai,NP0427
NP0458,Priya,Yadav,F,1988-11-27,priya.yadav2@northpeak.example,2025-02-27,Full-Time,Customer Support,Senior Support Executive,Bengaluru,NP0425
NP0459,Pooja,Tiwari,F,2002-08-09,pooja.tiwari@northpeak.example,2025-10-25,Intern,Customer Support,Support Trainee,Hyderabad,NP0427
NP0460,Jyoti,Srivastava,FEMALE,1984-04-23,jyoti.srivastava@northpeak.example,2020-06-28,Full-Time,Customer Support,Senior Support Executive,Bengaluru,NP0427
NP0461,Abhishek,Chauhan,M,2000-01-07,abhishek.chauhan@northpeak.example,2024-02-21,Full-Time,CUSTOMER SUPPORT,Support Trainee,Bengaluru,NP0426
NP0462,Amit,Tiwari,M,1991-01-09,amit.tiwari@northpeak.example,2023-09-28,Full-Time,Customer Support,Senior Support Executive,Bengaluru,NP0424
NP0463,Neha,Singh,F,1983-08-05,,2019-01-25,Full-Time,Customer Support,Senior Support Executive,Bengaluru,NP0428
NP0464,Anjali,Tiwari,F,2000-12-15,anjali.tiwari@northpeak.example,2023-09-08,Full-Time,Customer Support,Support Trainee,Pune,NP0424
NP0465,Mohit,Verma,M,1984-08-02,mohit.verma@northpeak.example,2019-08-10,Full-Time,Customer Support,Senior Support Executive,Bengaluru,NP0426
NP0466,Meera,Kapoor,F,1999-04-04,meera.kapoor@northpeak.example,2024-07-20,Full-Time,Customer Support,Support Executive,Pune,NP0429
NP0467,Varun,Chauhan,M,1991-12-22,varun.chauhan@northpeak.example,2017-08-27,Intern,Customer Support,Support Trainee,Mumbai,NP0429
NP0468,Isha,Tiwari,F,1991-01-12,isha.tiwari2@northpeak.example,2017-02-24,Full-Time,Customer Support,Support Executive,Bengaluru,NP0424
NP0469,Ritu,Joshi,F,1995-08-26,ritu.joshi@northpeak.example,2024-09-20,Contract,Customer Support,Support Executive,Bengaluru,NP0429
NP0470,Arjun,Yadav,M,1996-04-16,arjun.yadav@northpeak.example,2019-11-18,Full-Time,Customer Support,Senior Support Executive,Bengaluru,NP0429
NP0471,Deepak,Desai,M,2002-12-20,deepak.desai@northpeak.example,2025-08-16,Intern,Customer Support,Support Trainee,Mumbai,NP0428
NP0472,Rekha,Rao,F,1981-02-21,rekha.rao@northpeak.example,2018-08-24,Full-Time,Customer Support,Senior Support Executive,Mumbai,NP0428
NP0473,Pooja,Saxena,F,1998-01-13,pooja.saxena@northpeak.example,2022-09-22,Intern,Customer Support,Support Executive,Bengaluru,NP0424
NP0474,Simran,Jain,F,1983-01-29,simran.jain@northpeak.example,2018-06-13,Full-Time,Customer Support,Senior Support Executive,Bengaluru,NP0427
NP0475,Bhavna,Das,F,1988-06-03,bhavna.das@northpeak.example,2024-07-25,Full-Time,Customer Support,Senior Support Executive,Bengaluru,NP0423
NP0476,Ankit,Kapoor,M,1994-09-02,ankit.kapoor@northpeak.example,2019-11-03,Full-Time,Customer Support,Support Executive,Pune,NP0423
NP0477,Vivek,Reddy,M,1989-05-07,vivek.reddy2@northpeak.example,2019-02-02,Full-Time,Customer Support,Senior Support Executive,Delhi,NP0428
NP0478,Sakshi,Verma,F,1992-09-10,sakshi.verma@northpeak.example,2017-03-02,Full-Time,Customer Support,Support Executive,Mumbai,NP0422
NP0479,Vishal,Rao,M,1999-10-19,vishal.rao@northpeak.example,2025-03-22,Intern,Customer Support,Support Trainee,Delhi,NP0426
NP0480,Bhavna,Menon,f,1996-03-11,bhavna.menon@northpeak.example,2025-06-20,Full-Time,Customer Support,Support Executive,Pune,NP0427
NP0481,Divya,Sharma,F,1996-02-12,divya.sharma@northpeak.example,2019-11-14,Full-Time,Customer Support,Senior Support Executive,Hyderabad,NP0427
NP0482,Yash,Sharma,M,1986-03-07,yash.sharma@northpeak.example,2020-08-26,Full-Time,Customer Support,Senior Support Executive,Mumbai,NP0429
NP0483,Gaurav,Khan,M,1997-08-13,gaurav.khan@northpeak.example,2024-02-13,Full-Time,Customer Support,Support Executive,Bengaluru,NP0425
NP0484,Ayesha,Mishra,F,1991-03-08,ayesha.mishra@northpeak.example,2020-10-18,Full-Time,Customer Support,Support Executive,Pune,NP0428
NP0485,Komal,Mishra,F,2003-05-08,komal.mishra@northpeak.example,2024-07-26,Full-Time,Customer Support,Support Trainee,Hyderabad,NP0423
NP0486,Kavita,Saxena,F,1998-02-11,kavita.saxena@northpeak.example,2023-09-14,Full-Time, customer support ,Support Trainee,Hyderabad,NP0422
NP0487,Vishal,Kapoor,M,1994-09-05,vishal.kapoor@northpeak.example,2024-05-05,Full-Time,Customer Support,Support Executive,Bengaluru,NP0426
NP0488,Vishal,Chopra,M,1993-09-29,vishal.chopra@northpeak.example,2022-07-02,Full-Time,Customer Support,Support Executive,Bengaluru,NP0428
NP0489,Amit,Menon,M,1985-06-02,amit.menon@northpeak.example,2020-07-14,Full-Time,Customer Support,Senior Support Executive,Delhi,NP0426
NP0490,Nikhil,Reddy,M,1989-11-13,nikhil.reddy@northpeak.example,2019-12-26,Full-Time,Customer Support,Senior Support Executive,Bengaluru,NP0422
NP0491,Rohit,Nair,M,1997-07-27,rohit.nair@northpeak.example,2019-04-30,Full-Time,Customer Support,Support Executive,Pune,NP0427
NP0492,Rahul,Mehta,M,1983-09-14,rahul.mehta@northpeak.example,2017-02-25,Full-Time,Customer Support,Senior Support Executive,Pune,NP0426
NP0493,Siddharth,Verma,M,1998-08-10,siddharth.verma2@northpeak.example,2022-08-24,Full-Time,Customer Support,Support Trainee,Bengaluru,NP0427
NP0494,Karan,Saxena,M,1996-05-22,karan.saxena@northpeak.example,2023-02-21,Full-Time,Customer Support,Support Executive,Mumbai,NP0424
NP0495,Suresh,Tiwari,M,1979-10-23,suresh.tiwari@northpeak.example,2017-05-04,Full-Time,Customer Support,Senior Support Executive,Bengaluru,NP0429
NP0496,Meera,Jain,F,1991-08-17,meera.jain@northpeak.example,2020-12-01,Full-Time,Customer Support,Support Executive,Bengaluru,NP0424
NP0497,Aditya,Das,M,2001-07-09,aditya.das2@northpeak.example,2024-07-16,Full-Time,Customer Support,Support Trainee,Bengaluru,NP0427
NP0498,Rekha,Rao,F,2000-09-16,rekha.rao2@northpeak.example,2025-08-26,Full-Time,Customer Support,Support Trainee,Delhi,NP0422
NP0499,Komal,Sharma,F,2000-01-09,komal.sharma@northpeak.example,2022-01-18,Intern,Customer Support,Support Trainee,Bengaluru,NP0427
NP0500,Pallavi,Das,F,2002-01-11,pallavi.das@northpeak.example,2024-01-14,Full-Time,Customer Support,Support Trainee,Pune,NP0429
NP0501,Sandeep,Desai,M,2001-07-10,sandeep.desai@northpeak.example,2025-09-13,Full-Time,Customer Support,Support Executive,Pune,NP0424
NP0502,Shruti,Rao,F,1983-01-27,shruti.rao2@northpeak.example,2020-02-22,Full-Time,Customer Support,Senior Support Executive,Mumbai,NP0422
NP0503,Nikhil,Kapoor,M,1994-07-23,nikhil.kapoor5@northpeak.example,2019-05-11,Full-Time,Customer Support,Support Executive,Pune,NP0427
NP0504,Shweta,Nair,F,1985-02-02,shweta.nair@northpeak.example,2019-06-04,Full-Time,Customer Support,Senior Support Executive,Hyderabad,NP0427
NP0505,Sneha,Chopra,F,1990-07-14,sneha.chopra@northpeak.example,2019-07-04,Full-Time,Customer Support,Support Executive,Bengaluru,NP0423
NP0506,Kunal,Saxena,M,1979-09-01,kunal.saxena@northpeak.example,2017-07-16,Full-Time,Customer Support,Senior Support Executive,Hyderabad,NP0428
NP0507,Pooja,Nair,Female,1998-04-26,pooja.nair@northpeak.example,2022-02-23,Full-Time,Customer Support,Support Executive,Pune,NP0427
NP0508,Deepak,Khan,M,1998-04-29,deepak.khan2@northpeak.example,2023-01-16,Full-Time,Customer Support,Support Trainee,Bengaluru,NP0422
NP0509,Ramesh,Pandey,M,2004-03-19,ramesh.pandey2@northpeak.example,2025-10-21,Full-Time,Customer Support,Support Trainee,Mumbai,NP0425
NP0510,Isha,Kapoor,F ,1994-09-18,isha.kapoor@northpeak.example,2023-11-10,Full-Time,Customer Support,Senior Support Executive,Bengaluru,NP0427
NP0511,Nikhil,Reddy,M,1966-10-30,nikhil.reddy2@northpeak.example,2012-04-16,Full-Time,IT,Head of IT,Hyderabad,NP0001
NP0512,Vikram,Iyer,M,1980-08-16,vikram.iyer@northpeak.example,2016-01-08,Full-Time,IT,IT Manager,Bengaluru,NP0511
NP0513,Suresh,Srivastava,M,1981-02-04,suresh.srivastava@northpeak.example,2014-02-14,Full-Time,IT,IT Manager,Hyderabad,NP0511
NP0514,Sakshi,Saxena,F,1974-06-25,sakshi.saxena@northpeak.example,2016-02-02,Full-Time,IT,IT Manager,Lucknow,NP0511
NP0515,Pranav,Joshi,M,1987-10-21,pranav.joshi2@northpeak.example,2017-04-05,Full-Time,IT,Senior IT Engineer,Mumbai,NP0514
NP0516,Abhishek,Jain,M,1997-01-08,abhishek.jain@northpeak.example,2025-09-20,Full-Time,IT,IT Support Engineer,Lucknow,NP0512
NP0517,Ritu,Reddy,F,1998-08-18,ritu.reddy@northpeak.example,2025-04-05,Full-Time,IT,IT Support Engineer,Pune,NP0514
NP0518,Mohit,Singh,M,1986-10-04,mohit.singh2@northpeak.example,2017-06-22,Full-Time,IT,IT Support Engineer,Hyderabad,NP0514
NP0519,Nisha,Jain,F,1993-08-06,nisha.jain@northpeak.example,2018-01-03,Full-Time,IT,IT Support Engineer,Hyderabad,NP0513
NP0520,Kavita,Chauhan,F,1987-01-27,kavita.chauhan2@northpeak.example,2025-10-31,Full-Time,IT,Senior IT Engineer,Pune,NP0512
NP0521,Shweta,Reddy,F,1997-12-26,shweta.reddy@northpeak.example,2024-08-24,Full-Time,IT,IT Support Engineer,Delhi,NP0512
NP0522,Pranav,Sharma,M,1992-09-20,pranav.sharma@northpeak.example,2020-11-30,Full-Time,IT,IT Support Engineer,Hyderabad,NP0513
NP0523,Rahul,Khan,M,2000-06-21,rahul.khan@northpeak.example,2024-04-06,Full-Time,IT,IT Support Engineer,Pune,NP0514
NP0524,Varun,Iyer,M,1999-12-27,varun.iyer@northpeak.example,2024-02-20,Full-Time,IT,IT Support Trainee,Mumbai,NP0513
NP0525,Nikhil,Verma,M,1988-03-28,nikhil.verma@northpeak.example,20/08/2021,Full-Time,IT,Senior IT Engineer,Delhi,NP0513
NP0526,Rohit,Chopra,M,1991-06-11,rohit.chopra3@northpeak.example,2017-08-15,Full-Time,IT,IT Support Engineer,Bengaluru,NP0513
NP0527,Jaya,Verma,O,1999-09-23,jaya.verma@northpeak.example,2024-07-28,Intern,IT,IT Support Trainee,Bengaluru,NP0512
NP0528,Aarti,Das,F,2001-12-24,aarti.das2@northpeak.example,2024-07-23,Contract,IT,IT Support Trainee ,Bengaluru,NP0514
NP0529,Saurabh,Gupta,M,1996-04-30,saurabh.gupta2@northpeak.example,2024-03-16,Full-Time,IT,IT Support Engineer,Mumbai,NP0512
NP0530,Abhishek,Kapoor,male,1994-06-10,abhishek.kapoor@northpeak.example,2019-01-26,Full-Time,IT,IT Support Trainee,Hyderabad,NP0512
NP0531,Tarun,Srivastava,M,1992-08-20,tarun.srivastava@northpeak.example,2018-02-03,Full-Time,IT,IT Support Engineer,Hyderabad,NP0512
NP0532,Divya,Joshi,F,1993-02-27,divya.joshi@northpeak.example,2017-11-27,Full-Time,IT,IT Support Engineer,Mumbai,NP0512
NP0533,Ashish,Saxena, M,1999-02-02,ashish.saxena2@northpeak.example,2024-12-26,Full-Time,IT,IT Support Trainee,Hyderabad,NP0514
NP0534,Vikram,Bansal,M,1995-05-21,vikram.bansal@northpeak.example,2018-05-27,Full-Time,IT,IT Support Engineer,Delhi,NP0512
NP0535,Amit,Tiwari,M,1994-06-28,amit.tiwari2@northpeak.example,2022-12-10,Full-Time,IT,IT Support Engineer,Hyderabad,NP0512
NP0536,Ramesh,Patel,M,1991-02-15,ramesh.patel3@northpeak.example,2019-03-09,Contract,IT,IT Support Engineer,Bengaluru,NP0512
NP0537,Shruti,Kulkarni,F,2000-03-29,shruti.kulkarni@northpeak.example,2025-03-11,Contract,IT,IT Support Trainee,Mumbai,NP0512
NP0538,Gaurav,Menon,M,1978-10-11,gaurav.menon@northpeak.example,2017-02-06,Full-Time,IT,Senior IT Engineer,Bengaluru,NP0514
NP0539,Ashish,Singh,M,1992-12-17,ashish.singh@northpeak.example,2019-10-19,Full-Time,IT,IT Support Engineer,Delhi,NP0512
NP0540,Nikhil,Pandey,M,1995-05-11,nikhil.pandey@northpeak.example,2023-04-15,Full-Time,IT,Senior IT Engineer,Pune,NP0513
NP0541,Kavita,Verma,F,1996-06-18,kavita.verma@northpeak.example,2022-04-17,Full-Time,IT,IT Support Engineer,Bengaluru,NP0512
NP0542,Ashish,Iyer,M,1992-09-22,ashish.iyer2@northpeak.example,2020-05-25,Full-Time,IT,IT Support Engineer,Pune,NP0513
NP0543,Varun,Bansal,M,1994-06-16,varun.bansal@northpeak.example,2022-11-16,Full-Time,IT,Senior IT Engineer,Pune,NP0513
NP0544,Nikhil ,Sharma,M,1990-01-25,nikhil.sharma@northpeak.example,2017-10-07,Full-Time,IT,Senior IT Engineer,Mumbai,NP0512
NP0545,Vishal,Singh,M,1990-03-10,vishal.singh3@northpeak.example,2018-09-23,Full-Time,IT,Senior IT Engineer,Mumbai,NP0514
NP0546,Siddharth,Desai,M,1997-09-23,siddharth.desai2@northpeak.example,2024-01-25,Full-Time,IT,IT Support Engineer,Mumbai,NP0514
NP0547,Manish,Das,M,1995-05-19,manish.das@northpeak.example,2020-05-24,Full-Time,IT,IT Support Engineer,Delhi,NP0514
NP0548,Sakshi,Pandey,F,1985-05-25,sakshi.pandey@northpeak.example,2022-12-06,Full-Time,IT,Senior IT Engineer,Bengaluru,NP0513
NP0549,Jyoti,Chopra,F,1985-07-03,jyoti.chopra@northpeak.example,2023-12-07,Full-Time,IT,Senior IT Engineer,Bengaluru,NP0513
NP0550,Harsh,Gupta,M,1993-05-12,harsh.gupta2@northpeak.example,2017-12-28,Full-Time,IT,IT Support Engineer,Bengaluru,NP0514
NP0295,Ritu,Mehta,F,1980-04-22,ritu.mehta@northpeak.example,2018-07-07,Full-Time,HR,Senior HR Executive,Bengaluru,NP0294
NP0335,Ramesh,Jain,M,1986-12-09,ramesh.jain@northpeak.example,2024-04-27,Full-Time,Finance,Senior Finance Analyst,Bengaluru,NP0319
NP0398,Naveen,Kulkarni,M,1997-07-22,naveen.kulkarni@northpeak.example,2022-03-10,Full-Time,Operations,Senior Operations Executive,Bengaluru,NP0356
NP0220,Sneha,Desai,F,1984-11-05,sneha.desai@northpeak.example,2019-03-22,Full-Time,Sales,Senior Sales Executive,Bengaluru,NP0158
NP0116,Ayesha,Desai,F,2001-01-30,ayesha.desai@northpeak.example,2024-05-06,Full-Time,Engineering,Software Engineer Trainee,Bengaluru,NP0005
NP0466,Meera,Kapoor,F,1999-04-04,meera.kapoor@northpeak.example,2024-07-20,Full-Time,Customer Support,Support Executive,Pune,NP0429
