EmployeeCode,ReviewerCode,ReviewYear,ReviewDate,Rating
NP0002,NP0001,2022,2022-12-13,3
NP0002,NP0001,2023,2023-12-11,3
NP0002,NP0001,2024,2024-12-03,3
NP0002,NP0001,2025,2025-12-16,5
NP0003,NP0002,2022,2022-12-07,3
NP0003,NP0002,2023,2023-12-09,2
NP0003,NP0002,2024,2024-12-15,3
NP0003,NP0002,2025,2025-12-16,3
NP0004,NP0002,2022,2022-12-05,2
NP0004,NP0002,2023,2023-12-02,2
NP0004,NP0002,2024,2024-12-20,3
NP0004,NP0002,2025,2025-12-12,2
NP0005,NP0002,2022,2022-12-14,4
NP0005,NP0002,2023,2023-12-07,4
NP0005,NP0002,2024,2024-12-01,5
NP0005,NP0002,2025,2025-12-09,4
NP0006,NP0002,2022,2022-12-09,2
NP0006,NP0002,2023,2023-12-03,2
NP0006,NP0002,2024,2024-12-09,2
NP0006,NP0002,2025,2025-12-15,3
NP0007,NP0002,2022,2022-12-14,3
NP0007,NP0002,2023,2023-12-09,4
NP0007,NP0002,2024,2024-12-06,4
NP0007,NP0002,2025,2025-12-14,4
NP0008,NP0002,2022,2022-12-11,3
NP0008,NP0002,2023,2023-12-07,3
NP0008,NP0002,2024,2024-12-12,3
NP0008,NP0002,2025,2025-12-18,2
NP0009,NP0002,2022,2022-12-06,4
NP0009,NP0002,2023,2023-12-19,3
NP0009,NP0002,2024,2024-12-13,3
NP0009,NP0002,2025,2025-12-20,2
NP0010,NP0002,2022,2022-12-07,4
NP0010,NP0002,2023,2023-12-20,4
NP0010,NP0002,2024,2024-12-05,3
NP0010,NP0002,2025,2025-12-11,5
NP0011,NP0002,2022,2022-12-01,3
NP0011,NP0002,2023,2023-12-05,3
NP0011,NP0002,2024,2024-12-16,3
NP0011,NP0002,2025,2025-12-14,2
NP0012,NP0002,2022,2022-12-09,3
NP0012,NP0002,2023,2023-12-15,3
NP0012,NP0002,2024,2024-12-05,3
NP0012,NP0002,2025,2025-12-19,3
NP0013,NP0002,2022,2022-12-04,4
NP0013,NP0002,2023,2023-12-07,3
NP0013,NP0002,2024,2024-12-14,2
NP0013,NP0002,2025,2025-12-20,2
NP0014,NP0002,2022,2022-12-13,4
NP0014,NP0002,2023,2023-12-07,4
NP0014,NP0002,2024,2024-12-19,4
NP0014,NP0002,2025,2025-12-12,3
NP0015,NP0006,2022,2022-12-01,3
NP0015,NP0006,2023,2023-12-04,3
NP0015,NP0006,2024,2024-12-16,3
NP0015,NP0006,2025,2025-12-14,3
NP0016,NP0014,2022,2022-12-12,2
NP0016,NP0014,2023,2023-12-17,2
NP0016,NP0014,2024,2024-12-11,2
NP0016,NP0014,2025,2025-12-14,2
NP0017,NP0011,2022,2022-12-12,5
NP0017,NP0011,2023,2023-12-18,
NP0017,NP0011,2024,2024-12-14,4
NP0017,NP0011,2025,2025-12-14,5
NP0018,NP0010,2023,2023-12-10,2
NP0018,NP0010,2024,2024-12-04,2
NP0018,NP0010,2025,2025-12-03,3
NP0019,NP0010,2022,2022-12-01,4
NP0020,NP0004,2022,2022-12-16,4
NP0020,NP0004,2023,2023-12-18,3
NP0020,NP0004,2024,2024-12-04,3
NP0020,NP0004,2025,2025-12-02,3
NP0021,NP0012,2022,2022-12-10,3
NP0021,NP0012,2023,2023-12-15,3
NP0021,NP0012,2024,2024-12-18,3
NP0021,NP0012,2025,2025-12-16,3
NP0022,NP0003,2022,2022-12-04,2
NP0022,NP0003,2023,2023-12-15,4
NP0022,NP0003,2024,2024-12-14,4
NP0022,NP0003,2025,2025-12-13,2
NP0024,NP0004,2025,2025-12-10,2
NP0025,NP0006,2022,2022-12-10,5
NP0025,NP0006,2023,2023-12-14,4
NP0025,NP0006,2024,2024-12-14,4
NP0025,NP0006,2025,2025-12-02,4
NP0026,NP0008,2022,2022-12-12,3
NP0027,NP0006,2024,2024-12-11,4
NP0027,NP0006,2025,2025-12-14,4
NP0028,NP0005,2022,2022-12-08,3
NP0028,NP0005,2023,2023-12-20,3
NP0028,NP0005,2024,2024-12-13,4
NP0028,NP0005,2025,2025-12-19,3
NP0029,NP0009,2023,2023-12-14,2
NP0029,NP0009,2024,2024-12-06,2
NP0029,NP0009,2025,2025-12-13,2
NP0030,NP0013,2022,2022-12-14,4
NP0030,NP0013,2023,2023-12-08,5
NP0030,NP0013,2024,2024-12-17,5
NP0030,NP0013,2025,2025-12-04,3
NP0031,NP0006,2022,2022-12-09,3
NP0031,NP0006,2023,2023-12-18,4
NP0031,NP0006,2024,2024-12-03,5
NP0031,NP0006,2025,2025-12-03,4
NP0032,NP0010,2022,2022-12-19,4
NP0032,NP0010,2023,2023-12-05,5
NP0032,NP0010,2024,2024-12-03,4
NP0032,NP0010,2025,2025-12-19,3
NP0033,NP0006,2023,2023-12-05,2
NP0033,NP0006,2024,2024-12-15,1
NP0033,NP0006,2025,2025-12-06,1
NP0034,NP0014,2024,2024-12-08,3
NP0034,NP0014,2025,2025-12-07,3
NP0036,NP0009,2024,2024-12-18,5
NP0036,NP0009,2025,2025-12-13,4
NP0037,NP0010,2025,2025-12-09,3
NP0038,NP0004,2022,2022-12-05,4
NP0038,NP0004,2023,2023-12-01,4
NP0038,NP0004,2024,2024-12-04,4
NP0038,NP0004,2025,2025-12-04,4
NP0039,NP0004,2024,2024-12-04,4
NP0039,NP0004,2025,2025-12-05,4
NP0040,NP0007,2022,2022-12-03,5
NP0040,NP0007,2023,2023-12-03,3
NP0041,NP0006,2022,2022-12-04,4
NP0041,NP0006,2023,2023-12-16,4
NP0041,NP0006,2024,2024-12-16,3
NP0041,NP0006,2025,2025-12-03,4
NP0042,NP0004,2022,2022-12-11,3
NP0042,NP0004,2023,2023-12-15,2
NP0042,NP0004,2024,2024-12-01,2
NP0042,NP0004,2025,2025-12-06,2
NP0043,NP0014,2025,2025-12-02,3
NP0046,NP0006,2024,2024-12-12,2
NP0046,NP0006,2025,2025-12-18,3
NP0047,NP0008,2023,2023-12-01,3
NP0047,NP0008,2024,2024-12-04,4
NP0047,NP0008,2025,2025-12-07,2
NP0048,NP0008,2025,2025-12-17,5
NP0049,NP0006,2024,2024-12-17,4
NP0049,NP0006,2025,2025-12-12,3
NP0050,NP0004,2025,2025-12-04,3
NP0051,NP0007,2024,2024-12-05,2
NP0051,NP0007,2025,2025-12-08,3
NP0052,NP0004,2023,2023-12-05,2
NP0052,NP0004,2024,2024-12-09,2
NP0052,NP0004,2025,2025-12-03,2
NP0054,NP0008,2025,2025-12-10,1
NP0055,NP0009,2022,2022-12-14,5
NP0055,NP0009,2023,2023-12-17,5
NP0055,NP0009,2024,2024-12-09,4
NP0055,NP0009,2025,2025-12-06,5
NP0056,NP0004,2022,2022-12-09,5
NP0056,NP0004,2023,2023-12-13,5
NP0057,NP0005,2023,2023-12-06,5
NP0057,NP0005,2024,2024-12-07,5
NP0057,NP0005,2025,2025-12-15,4
NP0058,NP0009,2024,2024-12-14,1
NP0059,NP0011,2024,2024-12-20,3
NP0059,NP0011,2025,2025-12-04,3
NP0060,NP0010,2024,2024-12-19,4
NP0060,NP0010,2025,2025-12-12,4
NP0062,NP0004,2022,2022-12-03,3
NP0062,NP0004,2023,2023-12-15,2
NP0063,NP0012,2022,2022-12-19,3
NP0063,NP0012,2023,2023-12-14,3
NP0064,NP0013,2025,2025-12-13,4
NP0065,NP0012,2023,2023-12-01,5
NP0065,NP0012,2024,2024-12-14,5
NP0065,NP0012,2025,2025-12-06,5
NP0066,NP0006,2024,2024-12-12,3
NP0067,NP0010,2022,2022-12-05,4
NP0067,NP0010,2023,2023-12-11,4
NP0067,NP0010,2024,2024-12-01,4
NP0067,NP0010,2025,2025-12-19,4
NP0068,NP0010,2022,2022-12-11,4
NP0068,NP0010,2023,2023-12-13,3
NP0068,NP0010,2024,2024-12-10,3
NP0068,NP0010,2025,2025-12-04,3
NP0069,NP0008,2022,2022-12-18,4
NP0069,NP0008,2023,2023-12-03,5
NP0069,NP0008,2024,2024-12-19,4
NP0069,NP0008,2025,2025-12-14,3
NP0070,NP0011,2025,2025-12-11,4
NP0071,NP0006,2022,2022-12-02,2
NP0071,NP0006,2023,2023-12-16,1
NP0071,NP0006,2024,2024-12-14,3
NP0071,NP0006,2025,2025-12-04,3
NP0072,NP0006,2022,2022-12-11,2
NP0072,NP0006,2023,2023-12-19,2
NP0072,NP0006,2024,2024-12-10,3
NP0072,NP0006,2025,2025-12-01,1
NP0073,NP0006,2022,2022-12-01,3
NP0073,NP0006,2023,2023-12-15,3
NP0073,NP0006,2024,2024-12-13,5
NP0073,NP0006,2025,2025-12-02,5
NP0074,NP0006,2022,2022-12-02,4
NP0074,NP0006,2023,2023-12-11,5
NP0074,NP0006,2024,2024-12-04,5
NP0074,NP0006,2025,2025-12-14,5
NP0075,NP0012,2025,2025-12-12,3
NP0076,NP0013,2022,2022-12-13,4
NP0076,NP0013,2023,2023-12-16,3
NP0076,NP0013,2024,2024-12-20,3
NP0076,NP0013,2025,2025-12-15,3
NP0077,NP0006,2025,2025-12-16,5
NP0078,NP0004,2023,2023-12-04,2
NP0078,NP0004,2024,2024-12-12,3
NP0078,NP0004,2025,2025-12-08,3
NP0079,NP0014,2024,2024-12-02,5
NP0079,NP0014,2025,2025-12-11,4
NP0080,NP0012,2022,2022-12-14,4
NP0080,NP0012,2023,2023-12-12,4
NP0080,NP0080,2024,2024-12-18,5
NP0080,NP0012,2025,2025-12-02,4
NP0081,NP0004,2025,2025-12-09,4
NP0082,NP0003,2022,2022-12-02,4
NP0082,NP0003,2023,2023-12-10,4
NP0082,NP0003,2024,2024-12-20,4
NP0082,NP0003,2025,2025-12-13,4
NP0083,NP0011,2022,2022-12-05,4
NP0084,NP0013,2023,2023-12-05,3
NP0084,NP0013,2024,2024-12-19,4
NP0084,NP0013,2025,2025-12-14,3
NP0085,NP0008,2022,2022-12-17,2
NP0085,NP0008,2023,2023-12-17,3
NP0085,NP0008,2024,2024-12-16,3
NP0085,NP0008,2025,2025-12-09,2
NP0086,NP0004,2022,2022-12-08,5
NP0086,NP0004,2023,2023-12-03,4
NP0086,NP0004,2024,2024-12-03,4
NP0086,NP0004,2025,2025-12-12,3
NP0087,NP0013,2023,2023-12-07,2
NP0087,NP0013,2024,2024-12-03,3
NP0087,NP0013,2025,2025-12-07,3
NP0089,NP0010,2022,2022-12-01,4
NP0089,NP0010,2023,2023-12-13,4
NP0089,NP0010,2024,2024-12-07,4
NP0089,NP0010,2025,2025-12-19,5
NP0090,NP0005,2022,2022-12-17,2
NP0090,NP0005,2023,2023-12-10,3
NP0092,NP0004,2023,2023-12-17,
NP0092,NP0004,2024,2024-12-12,5
NP0092,NP0004,2025,2025-12-13,5
NP0093,NP0007,2022,2022-12-17,3
NP0093,NP0007,2023,2023-12-07,3
NP0094,NP0012,2022,2022-12-06,4
NP0094,NP0012,2023,2023-12-10,5
NP0094,NP0012,2024,2024-12-04,4
NP0094,NP0012,2025,2025-12-05,4
NP0095,NP0010,2022,2022-12-04,2
NP0095,NP0010,2023,2023-12-08,3
NP0095,NP0010,2024,2024-12-09,2
NP0095,NP0010,2025,2025-12-01,1
NP0096,NP0010,2022,2022-12-12,5
NP0096,NP0010,2023,2023-12-09,5
NP0096,NP0010,2024,2024-12-12,5
NP0096,NP0010,2025,2025-12-14,5
NP0097,NP0006,2022,2022-12-14,5
NP0097,NP0006,2023,2023-12-17,4
NP0097,NP0006,2024,2024-12-12,5
NP0097,NP0006,2025,2025-12-04,5
NP0098,NP0007,2023,2023-12-14,4
NP0098,NP0007,2024,2024-12-07,3
NP0098,NP0007,2025,2025-12-20,4
NP0099,NP0007,2022,2022-12-09,4
NP0099,NP0007,2023,2023-12-14,4
NP0099,NP0007,2024,2024-12-04,4
NP0099,NP0007,2025,2025-12-04,4
NP0100,NP0005,2023,2023-12-08,5
NP0100,NP0005,2024,2024-12-19,5
NP0100,NP0005,2025,2025-12-09,4
NP0101,NP0004,2022,2022-12-09,4
NP0103,NP0003,2024,2024-12-09,2
NP0103,NP0003,2025,2025-12-07,2
NP0104,NP0014,2024,2024-12-12,3
NP0104,NP0014,2025,2025-12-10,3
NP0105,NP0003,2022,2022-12-01,2
NP0105,NP0003,2023,2023-12-20,2
NP0105,NP0003,2024,2024-12-16,2
NP0105,NP0003,2025,2025-12-08,1
NP0106,NP0010,2022,2022-12-06,2
NP0106,NP0010,2023,2023-12-06,3
NP0106,NP0010,2024,2024-12-11,3
NP0106,NP0010,2025,2025-12-01,2
NP0107,NP0011,2022,2022-12-16,3
NP0107,NP0011,2023,2023-12-09,3
NP0107,NP0011,2024,2024-12-03,4
NP0107,NP0011,2025,2025-12-01,4
NP0108,NP0005,2025,2025-12-20,3
NP0109,NP0013,2022,2022-12-01,5
NP0109,NP0013,2023,2023-12-16,5
NP0109,NP0013,2024,2024-12-02,4
NP0109,NP0013,2025,2025-12-01,3
NP0110,NP0007,2022,2022-12-08,2
NP0110,NP0007,2023,2023-12-17,2
NP0110,NP0007,2024,2024-12-04,3
NP0110,NP0007,2025,2025-12-04,3
NP0111,NP0011,2025,2025-12-15,2
NP0112,NP0004,2025,2025-12-16,3
NP0113,NP0012,2022,2022-12-09,3
NP0113,NP0012,2023,2023-12-16,5
NP0113,NP0012,2024,2024-12-12,5
NP0113,NP0012,2025,2025-12-10,4
NP0114,NP0007,2024,2024-12-20,2
NP0114,NP0007,2025,2025-12-16,4
NP0115,NP0014,2022,2022-12-01,4
NP0115,NP0014,2023,2023-12-05,4
NP0115,NP0014,2024,2024-12-05,3
NP0115,NP0014,2025,2025-12-12,3
NP0117,NP0006,2025,2025-12-07,2
NP0119,NP0009,2023,2023-12-13,3
NP0119,NP0009,2024,2024-12-18,3
NP0119,NP0009,2025,2025-12-15,5
NP0120,NP0012,2025,2025-12-06,4
NP0121,NP0009,2022,2022-12-09,2
NP0121,NP0009,2023,2023-12-11,1
NP0121,NP0009,2024,2024-12-13,1
NP0121,NP0009,2025,2025-12-09,1
NP0122,NP0009,2025,2025-12-10,4
NP0123,NP0011,2022,2022-12-11,2
NP0123,NP0011,2023,2023-12-20,2
NP0124,NP0006,2023,2023-12-10,5
NP0124,NP0006,2024,2024-12-04,5
NP0124,NP0006,2025,2025-12-05,5
NP0125,NP0014,2025,2025-12-15,2
NP0126,NP0014,2022,2022-12-10,5
NP0127,NP0008,2022,2022-12-10,5
NP0127,NP0008,2023,2023-12-10,5
NP0127,NP0008,2024,2024-12-01,5
NP0127,NP0008,2025,2025-12-19,5
NP0128,NP0012,2022,2022-12-04,3
NP0129,NP0003,2024,2024-12-02,2
NP0129,NP0003,2025,2025-12-09,2
NP0131,NP0004,2022,2022-12-09,5
NP0132,NP0004,2022,2022-12-19,4
NP0132,NP0004,2023,2023-12-02,3
NP0132,NP0004,2024,2024-12-16,4
NP0132,NP0004,2025,2025-12-13,4
NP0134,NP0012,2024,2024-12-13,2
NP0134,NP0012,2025,2025-12-09,2
NP0135,NP0010,2023,2023-12-10,3
NP0135,NP0010,2024,2024-12-14,3
NP0135,NP0010,2025,2025-12-11,3
NP0136,NP0014,2022,2022-12-07,3
NP0137,NP0009,2022,2022-12-18,4
NP0137,NP0009,2023,2023-12-10,4
NP0137,NP0009,2024,2024-12-19,4
NP0137,NP0009,2025,2025-12-06,3
NP0138,NP0006,2024,2024-12-13,3
NP0138,NP0006,2025,2025-12-04,2
NP0140,NP0008,2022,2022-12-17,3
NP0140,NP0008,2023,2023-12-15,2
NP0140,NP0008,2024,2024-12-12,2
NP0140,NP0008,2025,2025-12-14,3
NP0141,NP0003,2024,2024-12-15,3
NP0141,NP0003,2025,2025-12-14,3
NP0142,NP0011,2025,2025-12-03,4
NP0143,NP0009,2023,2023-12-10,3
NP0143,NP0009,2024,2024-12-08,3
NP0143,NP0009,2025,2025-12-20,3
NP0144,NP0004,2022,2022-12-18,4
NP0144,NP0004,2023,2023-12-02,2
NP0144,NP0004,2024,2024-12-13,3
NP0144,NP0004,2025,2025-12-15,3
NP0145,NP0010,2022,2022-12-17,3
NP0145,NP0010,2023,2023-12-02,3
NP0145,NP0010,2024,2024-12-09,3
NP0145,NP0010,2025,2025-12-11,2
NP0146,NP0006,2022,2022-12-20,4
NP0146,NP0006,2023,2023-12-16,4
NP0146,NP0006,2024,2024-12-11,4
NP0146,NP0006,2025,2025-12-19,4
NP0147,NP0008,2023,2023-12-17,4
NP0147,NP0008,2024,2024-12-07,4
NP0147,NP0008,2025,2025-12-17,5
NP0148,NP0013,2024,2024-12-16,3
NP0148,NP0013,2025,2025-12-05,3
NP0149,NP0009,2022,2022-12-05,4
NP0149,NP0009,2023,2023-12-10,3
NP0149,NP0009,2024,2024-12-01,3
NP0149,NP0009,2025,2025-12-16,3
NP0152,NP0001,2022,2022-12-04,3
NP0152,NP0001,2023,2023-12-17,3
NP0152,NP0001,2024,2024-12-16,3
NP0152,NP0001,2025,2025-12-01,3
NP0153,NP0152,2022,2022-12-02,4
NP0153,NP0152,2023,2023-12-04,4
NP0153,NP0152,2024,2024-12-06,5
NP0153,NP0152,2025,2025-12-08,4
NP0154,NP0152,2022,2022-12-20,4
NP0154,NP0152,2023,2023-12-15,5
NP0154,NP0152,2024,2024-12-14,4
NP0154,NP0152,2025,2025-12-05,4
NP0155,NP0152,2022,2022-12-08,3
NP0155,NP0152,2023,2023-12-06,2
NP0155,NP0152,2024,2024-12-07,3
NP0155,NP0152,2025,2025-12-16,3
NP0156,NP0152,2022,2022-12-04,2
NP0156,NP0152,2023,2023-12-19,1
NP0156,NP0152,2024,2024-12-13,2
NP0156,NP0152,2025,2025-12-13,2
NP0157,NP0157,2022,2022-12-14,3
NP0157,NP0152,2023,2023-12-14,4
NP0157,NP0152,2024,2024-12-04,4
NP0157,NP0152,2025,2025-12-19,3
NP0158,NP0152,2022,2022-12-02,4
NP0158,NP0152,2023,2023-12-20,2
NP0158,NP0152,2024,2024-12-12,4
NP0158,NP0152,2025,2025-12-05,3
NP0159,NP0152,2022,2022-12-09,4
NP0159,NP0152,2023,2023-12-01,4
NP0159,NP0152,2024,2024-12-17,3
NP0159,NP0152,2025,2025-12-07,3
NP0160,NP0152,2022,2022-12-13,4
NP0160,NP0152,2023,2023-12-17,4
NP0160,NP0152,2024,2024-12-12,4
NP0160,NP0152,2025,2025-12-19,3
NP0161,NP0155,2022,2022-12-05,3
NP0161,NP0155,2023,2023-12-09,3
NP0161,NP0155,2024,2024-12-13,2
NP0161,NP0155,2025,2025-12-03,3
NP0162,NP0156,2022,2022-12-13,5
NP0162,NP0156,2023,2023-12-16,5
NP0162,NP0156,2024,2024-12-17,5
NP0162,NP0156,2025,2025-12-17,5
NP0164,NP0154,2024,2024-12-19,5
NP0164,NP0154,2025,2025-12-19,4
NP0165,NP0156,2022,2022-12-13,5
NP0165,NP0156,2023,2023-12-03,5
NP0165,NP0156,2024,2024-12-06,5
NP0166,NP0160,2022,2022-12-04,3
NP0166,NP0160,2023,2023-12-16,3
NP0166,NP0160,2024,2024-12-11,3
NP0167,NP0160,2024,2024-12-04,1
NP0167,NP0160,2025,2025-12-06,3
NP0168,NP0154,2022,2022-12-14,2
NP0168,NP0154,2023,2023-12-03,3
NP0168,NP0154,2024,2024-12-02,3
NP0168,NP0154,2025,2025-12-03,2
NP0169,NP0154,2022,2022-12-01,4
NP0169,NP0154,2023,2023-12-06,4
NP0169,NP0154,2024,2024-12-13,5
NP0171,NP0160,2023,2023-12-09,3
NP0172,NP0153,2022,2022-12-06,
NP0172,NP0153,2023,2023-12-14,5
NP0172,NP0153,2024,2024-12-07,3
NP0172,NP0153,2025,2025-12-03,4
NP0173,NP0153,2024,2024-12-04,4
NP0173,NP0153,2025,2025-12-07,5
NP0174,NP0158,2023,2023-12-01,4
NP0174,NP0158,2024,2024-12-12,4
NP0174,NP0158,2025,2025-12-03,3
NP0175,NP0157,2023,2023-12-11,4
NP0175,NP0157,2024,2024-12-17,4
NP0175,NP0157,2025,2025-12-16,4
NP0177,NP0158,2022,2022-12-20,4
NP0177,NP0158,2023,2023-12-18,4
NP0177,NP0158,2024,2024-12-15,3
NP0177,NP0158,2025,2025-12-14,3
NP0178,NP0160,2022,2022-12-19,1
NP0178,NP0160,2023,2023-12-03,3
NP0178,NP0160,2024,2024-12-04,3
NP0178,NP0160,2025,2025-12-04,2
NP0179,NP0153,2022,2022-12-18,5
NP0179,NP0153,2023,2023-12-11,5
NP0179,NP0153,2024,2024-12-10,5
NP0179,NP0153,2025,2025-12-09,5
NP0180,NP0154,2022,2022-12-06,4
NP0180,NP0154,2023,2023-12-10,4
NP0180,NP0154,2024,2024-12-17,4
NP0180,NP0154,2025,2025-12-20,3
NP0181,NP0156,2022,2022-12-02,3
NP0181,NP0156,2023,2023-12-18,3
NP0181,NP0156,2024,2024-12-16,3
NP0182,NP0155,2022,2022-12-01,4
NP0182,NP0155,2023,2023-12-07,4
NP0183,NP0160,2022,2022-12-05,4
NP0183,NP0160,2023,2023-12-11,4
NP0183,NP0160,2024,2024-12-02,3
NP0183,NP0160,2025,2025-12-19,3
NP0185,NP0156,2025,2025-12-02,4
NP0186,NP0153,2022,2022-12-14,3
NP0186,NP0153,2023,2023-12-20,3
NP0186,NP0153,2024,2024-12-18,2
NP0186,NP0153,2025,2025-12-16,3
NP0187,NP0154,2025,2025-12-02,2
NP0188,NP0159,2022,2022-12-04,4
NP0188,NP0159,2023,2023-12-12,3
NP0188,NP0159,2024,2024-12-14,2
NP0188,NP0159,2025,2025-12-08,3
NP0189,NP0157,2022,2022-12-01,4
NP0189,NP0157,2023,2023-12-07,3
NP0189,NP0157,2024,2024-12-18,3
NP0190,NP0155,2025,2025-12-18,2
NP0191,NP0155,2024,2024-12-16,4
NP0191,NP0155,2025,2025-12-05,3
NP0192,NP0153,2023,2023-12-14,3
NP0192,NP0153,2024,2024-12-04,3
NP0192,NP0153,2025,2025-12-15,4
NP0193,NP0158,2025,2025-12-12,3
NP0195,NP0159,2022,2022-12-02,3
NP0195,NP0159,2023,2023-12-01,3
NP0195,NP0159,2024,2024-12-08,2
NP0196,NP0159,2022,2022-12-19,3
NP0196,NP0159,2023,2023-12-02,3
NP0196,NP0159,2024,2024-12-08,3
NP0196,NP0159,2025,2025-12-02,3
NP0197,NP0154,2022,2022-12-06,2
NP0197,NP0154,2023,2023-12-10,2
NP0197,NP0154,2024,2024-12-08,2
NP0197,NP0154,2025,2025-12-10,2
NP0198,NP0156,2023,2023-12-04,4
NP0198,NP0156,2024,2024-12-03,5
NP0198,NP0156,2025,2025-12-07,5
NP0199,NP0155,2023,2023-12-16,3
NP0199,NP0155,2024,2024-12-08,3
NP0199,NP0155,2025,2025-12-15,3
NP0200,NP0160,2023,2023-12-18,3
NP0200,NP0160,2024,2024-12-10,4
NP0200,NP0160,2025,2025-12-09,4
NP0201,NP0158,2022,2022-12-11,3
NP0201,NP0158,2023,2023-12-02,2
NP0202,NP0156,2022,2022-12-20,3
NP0202,NP0156,2023,2023-12-05,3
NP0202,NP0156,2024,2024-12-17,4
NP0202,NP0156,2025,2025-12-07,4
NP0203,NP0156,2022,2022-12-04,3
NP0203,NP0156,2023,2023-12-05,5
NP0203,NP0156,2024,2024-12-02,5
NP0203,NP0156,2025,2025-12-15,4
NP0204,NP0156,2022,2022-12-04,4
NP0204,NP0156,2023,2023-12-09,3
NP0206,NP0155,2022,2022-12-10,4
NP0206,NP0155,2023,2023-12-09,4
NP0206,NP0155,2024,2024-12-20,4
NP0206,NP0155,2025,2025-12-13,4
NP0207,NP0159,2024,2024-12-13,4
NP0207,NP0159,2025,2025-12-13,5
NP0208,NP0156,2025,2025-12-06,3
NP0209,NP0156,2023,2023-12-10,3
NP0209,NP0156,2024,2024-12-02,3
NP0209,NP0156,2025,2025-12-01,3
NP0210,NP0157,2024,2024-12-20,4
NP0210,NP0157,2025,2025-12-09,3
NP0211,NP0159,2022,2022-12-19,2
NP0211,NP0159,2023,2023-12-20,2
NP0211,NP0159,2024,2024-12-14,3
NP0211,NP0159,2025,2025-12-02,1
NP0212,NP0160,2023,2023-12-04,2
NP0212,NP0160,2024,2024-12-10,3
NP0212,NP0160,2025,2025-12-18,3
NP0213,NP0154,2022,2022-12-19,4
NP0213,NP0154,2023,2023-12-17,3
NP0213,NP0154,2024,2024-12-15,5
NP0213,NP0154,2025,2025-12-08,4
NP0214,NP0154,2022,2022-12-09,3
NP0214,NP0154,2023,2023-12-03,4
NP0214,NP0154,2024,2024-12-10,3
NP0214,NP0154,2025,2025-12-11,3
NP0215,NP0156,2022,2022-12-09,3
NP0215,NP0156,2023,2023-12-12,3
NP0215,NP0156,2024,2024-12-20,4
NP0215,NP0156,2025,2025-12-01,4
NP0216,NP0156,2025,2025-12-11,4
NP0217,NP0156,2022,2022-12-09,4
NP0217,NP0156,2023,2023-12-01,4
NP0217,NP0156,2024,2024-12-15,4
NP0217,NP0156,2025,2025-12-12,4
NP0218,NP0157,2025,2025-12-16,4
NP0219,NP0154,2023,2023-12-14,3
NP0219,NP0154,2024,2024-12-02,3
NP0219,NP0154,2025,2025-12-20,3
NP0220,NP0158,2022,2022-12-18,4
NP0220,NP0158,2023,2023-12-06,4
NP0220,NP0158,2024,2024-12-09,4
NP0220,NP0158,2025,2025-12-16,4
NP0221,NP0158,2024,2024-12-05,1
NP0222,NP0155,2022,2022-12-02,4
NP0223,NP0154,2025,2025-12-06,1
NP0224,NP0155,2022,2022-12-19,3
NP0224,NP0155,2023,2023-12-11,5
NP0224,NP0155,2024,2024-12-02,4
NP0224,NP0155,2025,2025-12-09,4
NP0225,NP0155,2025,2025-12-12,4
NP0226,NP0153,2024,2024-12-18,2
NP0226,NP0153,2025,2025-12-12,2
NP0227,NP0157,2024,2024-12-04,4
NP0227,NP0157,2025,2025-12-17,4
NP0228,NP0153,2022,2022-12-03,2
NP0228,NP0153,2023,2023-12-12,2
NP0228,NP0153,2024,2024-12-14,2
NP0228,NP0153,2025,2025-12-10,2
NP0229,NP0155,2023,2023-12-05,4
NP0229,NP0155,2024,2024-12-12,3
NP0229,NP0155,2025,2025-12-11,4
NP0230,NP0157,2024,2024-12-12,2
NP0230,NP0157,2025,2025-12-16,3
NP0231,NP0155,2022,2022-12-01,5
NP0231,NP0155,2023,2023-12-06,5
NP0231,NP0155,2024,2024-12-05,5
NP0231,NP0155,2025,2025-12-19,5
NP0232,NP0157,2022,2022-12-11,2
NP0232,NP0157,2023,2023-12-17,2
NP0232,NP0157,2024,2024-12-19,1
NP0232,NP0157,2025,2025-12-12,2
NP0233,NP0156,2024,2024-12-19,4
NP0233,NP0156,2025,2025-12-02,4
NP0234,NP0153,2023,2023-12-03,4
NP0234,NP0153,2024,2024-12-03,5
NP0234,NP0153,2025,2025-12-19,4
NP0235,NP0159,2023,2023-12-17,4
NP0235,NP0159,2024,2024-12-14,3
NP0235,NP0159,2025,2025-12-18,3
NP0236,NP0153,2022,2022-12-17,1
NP0236,NP0153,2023,2023-12-02,1
NP0236,NP0153,2024,2024-12-17,1
NP0236,NP0153,2025,2025-12-15,2
NP0238,NP0155,2022,2022-12-19,3
NP0238,NP0155,2023,2023-12-10,4
NP0238,NP0155,2024,2024-12-12,3
NP0238,NP0155,2025,2025-12-08,2
NP0239,NP0154,2022,2022-12-04,4
NP0239,NP0154,2023,2023-12-08,2
NP0239,NP0154,2024,2024-12-14,4
NP0239,NP0154,2025,2025-12-12,4
NP0240,NP0155,2022,2022-12-03,4
NP0240,NP0155,2023,2023-12-12,3
NP0240,NP0155,2024,2024-12-15,3
NP0240,NP0155,2025,2025-12-14,4
NP0241,NP0153,2023,2023-12-05,3
NP0241,NP0153,2024,2024-12-18,2
NP0241,NP0153,2025,2025-12-19,3
NP0245,NP0158,2022,2022-12-04,3
NP0245,NP0158,2023,2023-12-05,3
NP0247,NP0158,2022,2022-12-07,2
NP0247,NP0158,2023,2023-12-01,1
NP0247,NP0158,2024,2024-12-06,2
NP0247,NP0158,2025,2025-12-18,2
NP0248,NP0159,2023,2023-12-16,3
NP0248,NP0159,2024,2024-12-02,3
NP0248,NP0159,2025,2025-12-14,4
NP0250,NP0159,2024,2024-12-03,3
NP0250,NP0159,2025,2025-12-05,2
NP0251,NP0158,2025,2025-12-13,3
NP0252,NP0001,2022,2022-12-14,4
NP0252,NP0001,2023,2023-12-18,5
NP0252,NP0001,2024,2024-12-08,4
NP0252,NP0001,2025,2025-12-11,4
NP0253,NP0252,2022,2022-12-19,4
NP0253,NP0252,2023,2023-12-02,4
NP0253,NP0252,2024,2024-12-03,4
NP0253,NP0252,2025,2025-12-15,3
NP0254,NP0252,2022,2022-12-14,3
NP0254,NP0252,2023,2023-12-14,3
NP0254,NP0252,2024,2024-12-10,4
NP0254,NP0252,2025,2025-12-06,3
NP0255,NP0252,2022,2022-12-19,3
NP0255,NP0252,2023,2023-12-03,1
NP0255,NP0252,2024,2024-12-05,3
NP0255,NP0252,2025,2025-12-12,2
NP0256,NP0255,2024,2024-12-15,1
NP0257,NP0253,2022,2022-12-19,4
NP0257,NP0253,2023,2023-12-09,4
NP0257,NP0253,2024,2024-12-10,4
NP0257,NP0253,2025,2025-12-16,3
NP0258,NP0255,2022,2022-12-17,5
NP0258,NP0255,2023,2023-12-19,3
NP0258,NP0255,2024,2024-12-10,4
NP0258,NP0255,2025,2025-12-11,4
NP0259,NP0253,2022,2022-12-05,3
NP0259,NP0253,2023,2023-12-02,3
NP0259,NP0253,2024,2024-12-07,2
NP0259,NP0253,2025,2025-12-14,2
NP0260,NP0254,2022,2022-12-20,4
NP0260,NP0254,2023,2023-12-11,4
NP0260,NP0254,2024,2024-12-04,4
NP0260,NP0254,2025,2025-12-10,4
NP0261,NP0255,2022,2022-12-06,5
NP0261,NP0255,2023,2023-12-10,5
NP0261,NP0255,2024,2024-12-20,5
NP0261,NP0255,2025,2025-12-04,5
NP0262,NP0255,2023,2023-12-05,3
NP0262,NP0255,2024,2024-12-04,3
NP0262,NP0255,2025,2025-12-06,4
NP0263,NP0254,2022,2022-12-01,5
NP0263,NP0254,2023,2023-12-18,5
NP0263,NP0254,2024,2024-12-18,5
NP0263,NP0254,2025,2025-12-01,5
NP0265,NP0255,2022,2022-12-14,6
NP0265,NP0255,2023,2023-12-15,2
NP0267,NP0255,2025,2025-12-15,5
NP0268,NP0255,2022,2022-12-03,3
NP0268,NP0255,2023,2023-12-05,4
NP0268,NP0255,2024,2024-12-04,3
NP0268,NP0255,2025,2025-12-12,3
NP0269,NP0254,2022,2022-12-08,2
NP0269,NP0254,2023,2023-12-03,3
NP0269,NP0254,2024,2024-12-09,4
NP0269,NP0254,2025,2025-12-15,3
NP0270,NP0255,2022,2022-12-03,3
NP0270,NP0255,2023,2023-12-11,3
NP0270,NP0255,2024,2024-12-04,3
NP0270,NP0255,2025,2025-12-17,3
NP0271,NP0254,2025,2025-12-02,4
NP0272,NP0254,2022,2022-12-01,4
NP0272,NP0254,2023,2023-12-08,4
NP0272,NP0254,2024,2024-12-07,4
NP0272,NP0254,2025,2025-12-06,4
NP0273,NP0255,2022,2022-12-16,2
NP0273,NP0255,2023,2023-12-03,3
NP0273,NP0255,2024,2024-12-17,3
NP0273,NP0255,2025,2025-12-01,2
NP0274,NP0254,2023,2023-12-14,4
NP0274,NP0254,2024,2024-12-07,3
NP0274,NP0254,2025,2025-12-06,4
NP0275,NP0255,2022,2022-12-20,3
NP0275,NP0255,2023,2023-12-13,3
NP0275,NP0255,2024,2024-12-12,3
NP0275,NP0255,2025,2025-12-16,2
NP0276,NP0255,2023,2023-12-10,2
NP0276,NP0255,2024,2024-12-08,3
NP0276,NP0255,2025,2025-12-16,2
NP0277,NP0255,2022,2022-12-13,2
NP0277,NP0255,2023,2023-12-10,2
NP0278,NP0253,2022,2022-12-04,3
NP0278,NP0253,2023,2023-12-10,2
NP0278,NP0253,2024,2024-12-14,2
NP0278,NP0253,2025,2025-12-14,2
NP0280,NP0253,2022,2022-12-04,3
NP0280,NP0253,2023,2023-12-04,4
NP0280,NP0253,2024,2024-12-12,2
NP0280,NP0253,2025,2025-12-16,2
NP0281,NP0253,2024,2024-12-16,3
NP0282,NP0254,2024,2024-12-10,2
NP0282,NP0254,2025,2025-12-09,2
NP0283,NP0255,2024,2024-12-14,3
NP0283,NP0255,2025,2025-12-02,3
NP0284,NP0255,2022,2022-12-11,3
NP0284,NP0255,2023,2023-12-14,3
NP0284,NP0255,2024,2024-12-13,4
NP0284,NP0255,2025,2025-12-09,4
NP0285,NP0253,2025,2025-12-08,1
NP0286,NP0253,2022,2022-12-11,1
NP0286,NP0253,2023,2023-12-15,1
NP0286,NP0253,2024,2024-12-14,1
NP0286,NP0253,2025,2025-12-18,2
NP0287,NP0255,2023,2023-12-07,5
NP0287,NP0255,2024,2024-12-20,5
NP0287,NP0255,2025,2025-12-20,4
NP0288,NP0255,2025,2025-12-01,4
NP0289,NP0254,2022,2022-12-01,3
NP0289,NP0254,2023,2023-12-11,3
NP0289,NP0254,2024,2024-12-12,3
NP0289,NP0254,2025,2025-12-02,2
NP0290,NP0255,2022,2022-12-17,3
NP0290,NP0255,2023,2023-12-06,4
NP0290,NP0255,2024,2024-12-18,3
NP0290,NP0255,2025,2025-12-10,4
NP0291,NP0255,2025,2025-12-06,3
NP0292,NP0001,2022,2022-12-07,5
NP0292,NP0001,2023,2023-12-18,5
NP0292,NP0001,2024,2024-12-02,4
NP0292,NP0001,2025,2025-12-01,5
NP0293,NP0292,2022,2022-12-17,3
NP0293,NP0292,2023,2023-12-13,3
NP0293,NP0292,2024,2024-12-10,3
NP0293,NP0292,2025,2025-12-10,4
NP0294,NP0292,2022,2022-12-08,4
NP0294,NP0292,2023,2023-12-02,4
NP0294,NP0292,2024,2024-12-13,4
NP0294,NP0292,2025,2025-12-13,5
NP0295,NP0294,2022,2022-12-09,3
NP0295,NP0294,2023,2023-12-03,3
NP0295,NP0294,2024,2024-12-14,3
NP0295,NP0294,2025,2025-12-01,4
NP0296,NP0293,2022,2022-12-20,3
NP0296,NP0293,2023,2023-12-05,4
NP0296,NP0293,2024,2024-12-13,3
NP0296,NP0293,2025,2025-12-07,4
NP0297,NP0293,2022,2022-12-11,1
NP0297,NP0293,2023,2023-12-14,2
NP0297,NP0293,2024,2024-12-09,2
NP0297,NP0293,2025,2025-12-15,2
NP0298,NP0294,2024,2024-12-19,4
NP0298,NP0294,2025,2025-12-16,3
NP0299,NP0294,2022,2022-12-08,3
NP0299,NP0294,2023,2023-12-14,2
NP0299,NP0294,2024,2024-12-18,2
NP0299,NP0294,2025,2025-12-17,3
NP0301,NP0294,2022,2022-12-04,3
NP0301,NP0294,2023,2023-12-15,3
NP0301,NP0294,2024,2024-12-13,4
NP0301,NP0294,2025,2025-12-08,2
NP0302,NP0293,2024,2024-12-04,3
NP0302,NP0293,2025,2025-12-10,2
NP0303,NP0294,2022,2022-12-03,4
NP0303,NP0294,2023,2023-12-04,3
NP0303,NP0294,2024,2024-12-16,3
NP0303,NP0294,2025,2025-12-19,3
NP0305,NP0293,2024,2024-12-20,2
NP0305,NP0293,2025,2025-12-16,1
NP0306,NP0293,2022,2022-12-08,3
NP0306,NP0293,2023,2023-12-02,3
NP0306,NP0293,2024,2024-12-10,3
NP0306,NP0293,2025,2025-12-11,3
NP0307,NP0293,2022,2022-12-19,2
NP0307,NP0293,2023,2023-12-20,2
NP0307,NP0293,2024,2024-12-07,3
NP0307,NP0293,2025,2025-12-18,3
NP0308,NP0293,2022,2022-12-11,2
NP0308,NP0293,2023,2023-12-08,3
NP0308,NP0293,2024,2024-12-17,4
NP0308,NP0293,2025,2025-12-18,4
NP0309,NP0293,2022,2022-12-03,3
NP0309,NP0293,2023,2023-12-04,4
NP0309,NP0293,2024,2024-12-05,5
NP0309,NP0293,2025,2025-12-01,5
NP0310,NP0293,2023,2023-12-06,4
NP0310,NP0293,2024,2024-12-07,2
NP0310,NP0293,2025,2025-12-02,4
NP0311,NP0294,2022,2022-12-14,2
NP0311,NP0294,2023,2023-12-17,3
NP0311,NP0294,2024,2024-12-16,3
NP0311,NP0294,2025,2025-12-14,3
NP0312,NP0294,2022,2022-12-13,2
NP0312,NP0294,2023,2023-12-10,2
NP0312,NP0294,2024,2024-12-09,1
NP0312,NP0294,2025,2025-12-12,2
NP0313,NP0294,2023,2023-12-19,2
NP0313,NP0294,2024,2024-12-17,2
NP0313,NP0294,2025,2025-12-07,3
NP0314,NP0293,2023,2023-12-12,1
NP0314,NP0293,2024,2024-12-17,2
NP0314,NP0293,2025,2025-12-07,2
NP0315,NP0294,2025,2025-12-11,3
NP0316,NP0294,2022,2022-12-05,1
NP0316,NP0294,2023,2023-12-06,1
NP0316,NP0294,2024,2024-12-01,1
NP0316,NP0294,2025,2025-12-11,1
NP0317,NP0001,2022,2022-12-03,3
NP0317,NP0001,2023,2023-12-01,3
NP0317,NP0001,2024,2024-12-04,4
NP0317,NP0001,2025,2025-12-18,3
NP0318,NP0317,2022,2022-12-20,2
NP0318,NP0317,2023,2023-12-15,2
NP0318,NP0317,2024,2024-12-18,2
NP0318,NP0317,2025,2025-12-08,2
NP0319,NP0317,2022,2022-12-07,4
NP0319,NP0317,2023,2023-12-09,3
NP0319,NP0317,2024,2024-12-14,5
NP0319,NP0317,2025,2025-12-19,3
NP0320,NP0317,2022,2022-12-13,2
NP0320,NP0317,2023,2023-12-09,2
NP0320,NP0317,2024,2024-12-07,2
NP0320,NP0317,2025,2025-12-03,2
NP0321,NP0320,2024,2024-12-07,2
NP0321,NP0320,2025,2025-12-09,3
NP0322,NP0320,2023,2023-12-05,4
NP0322,NP0320,2024,2024-12-17,2
NP0322,NP0320,2025,2025-12-11,2
NP0323,NP0319,2022,2022-12-19,4
NP0323,NP0319,2023,2023-12-09,3
NP0323,NP0319,2024,2024-12-20,3
NP0323,NP0319,2025,2025-12-06,3
NP0324,NP0319,2022,2022-12-01,3
NP0324,NP0319,2023,2023-12-03,1
NP0324,NP0319,2024,2024-12-20,3
NP0324,NP0319,2025,2025-12-01,3
NP0325,NP0319,2022,2022-12-11,4
NP0325,NP0319,2023,2023-12-05,3
NP0325,NP0319,2024,2024-12-17,3
NP0325,NP0319,2025,2025-12-16,2
NP0326,NP0320,2023,2023-12-11,3
NP0326,NP0320,2024,2024-12-08,4
NP0326,NP0320,2025,2025-12-18,2
NP0327,NP0319,2022,2022-12-16,4
NP0327,NP0319,2023,2023-12-12,3
NP0327,NP0319,2024,2024-12-17,4
NP0327,NP0319,2025,2025-12-03,4
NP0328,NP0318,2022,2022-12-06,3
NP0328,NP0318,2023,2023-12-09,4
NP0328,NP0318,2024,2024-12-18,3
NP0328,NP0318,2025,2025-12-15,3
NP0331,NP0318,2025,2025-12-04,3
NP0334,NP0319,2025,2025-12-18,5
NP0335,NP0319,2024,2024-12-06,3
NP0335,NP0319,2025,2025-12-01,4
NP0336,NP0320,2023,2023-12-12,2
NP0336,NP0320,2024,2024-12-14,3
NP0336,NP0320,2025,2025-12-07,4
NP0337,NP0320,2022,2022-12-13,3
NP0337,NP0320,2023,2023-12-01,4
NP0337,NP0320,2024,2024-12-07,3
NP0337,NP0320,2025,2025-12-01,4
NP0338,NP0320,2022,2022-12-19,2
NP0338,NP0320,2023,2023-12-12,2
NP0338,NP0320,2024,2024-12-09,2
NP0338,NP0320,2025,2025-12-09,2
NP0340,NP0318,2022,2022-12-02,5
NP0340,NP0318,2023,2023-12-09,4
NP0340,NP0318,2024,2024-12-02,5
NP0340,NP0318,2025,2025-12-16,4
NP0341,NP0319,2025,2025-12-20,4
NP0343,NP0318,2022,2022-12-12,4
NP0343,NP0318,2023,2023-12-01,4
NP0343,NP0318,2024,2024-12-06,4
NP0343,NP0318,2025,2025-12-05,5
NP0344,NP0320,2022,2022-12-04,3
NP0344,NP0320,2023,2023-12-02,1
NP0344,NP0320,2024,2024-12-11,2
NP0344,NP0320,2025,2025-12-04,2
NP0345,NP0318,2024,2024-12-07,2
NP0345,NP0318,2025,2025-12-20,3
NP0346,NP0319,2022,2022-12-11,2
NP0346,NP0319,2023,2023-12-06,3
NP0346,NP0319,2024,2024-12-12,2
NP0346,NP0319,2025,2025-12-17,3
NP0348,NP0320,2025,2025-12-14,2
NP0349,NP0320,2022,2022-12-02,4
NP0349,NP0320,2023,2023-12-17,3
NP0349,NP0320,2024,2024-12-05,3
NP0349,NP0320,2025,2025-12-15,3
NP0350,NP0318,2022,2022-12-02,3
NP0350,NP0318,2023,2023-12-17,3
NP0350,NP0318,2024,2024-12-14,3
NP0350,NP0318,2025,2025-12-01,4
NP0351,NP0318,2024,2024-12-10,3
NP0352,NP0001,2022,2022-12-15,5
NP0352,NP0001,2023,2023-12-19,4
NP0352,NP0001,2024,2024-12-15,4
NP0352,NP0001,2025,2025-12-03,4
NP0353,NP0352,2022,2022-12-03,4
NP0353,NP0352,2023,2023-12-06,3
NP0353,NP0352,2024,2024-12-01,4
NP0353,NP0352,2025,2025-12-06,4
NP0354,NP0352,2022,2022-12-12,2
NP0354,NP0352,2023,2023-12-15,3
NP0354,NP0352,2024,2024-12-08,3
NP0354,NP0352,2025,2025-12-10,3
NP0355,NP0352,2022,2022-12-07,2
NP0355,NP0352,2023,2023-12-05,3
NP0355,NP0352,2024,2024-12-10,3
NP0355,NP0352,2025,2025-12-06,3
NP0356,NP0352,2022,2022-12-14,3
NP0356,NP0352,2023,2023-12-08,2
NP0356,NP0352,2024,2024-12-07,2
NP0356,NP0352,2025,2025-12-06,2
NP0357,NP0352,2022,2022-12-15,3
NP0357,NP0352,2023,2023-12-09,3
NP0357,NP0352,2024,2024-12-12,3
NP0357,NP0352,2025,2025-12-12,3
NP0358,NP0352,2022,2022-12-06,2
NP0358,NP0352,2023,2023-12-02,3
NP0358,NP0352,2024,2024-12-05,2
NP0358,NP0352,2025,2025-12-18,1
NP0359,NP0355,2025,2025-12-14,3
NP0360,NP0357,2023,2023-12-12,3
NP0360,NP0357,2024,2024-12-10,2
NP0360,NP0357,2025,2025-12-07,2
NP0361,NP0353,2022,2022-12-18,4
NP0361,NP0353,2023,2023-12-09,3
NP0361,NP0353,2024,2024-12-09,3
NP0361,NP0353,2025,2025-12-07,2
NP0362,NP0358,2022,2022-12-04,3
NP0362,NP0358,2023,2023-12-17,3
NP0362,NP0358,2024,2024-12-05,3
NP0362,NP0358,2025,2025-12-15,3
NP0363,NP0355,2025,2025-12-13,4
NP0364,NP0357,2022,2022-12-19,3
NP0364,NP0357,2023,2023-12-04,3
NP0364,NP0357,2024,2024-12-12,3
NP0364,NP0357,2025,2025-12-14,3
NP0365,NP0358,2024,2024-12-16,2
NP0365,NP0358,2025,2025-12-04,3
NP0366,NP0353,2023,2023-12-06,3
NP0366,NP0353,2024,2024-12-15,2
NP0366,NP0353,2025,2025-12-18,2
NP0367,NP0355,2022,2022-12-20,4
NP0367,NP0355,2023,2023-12-15,3
NP0367,NP0355,2024,2024-12-13,3
NP0368,NP0358,2024,2024-12-08,3
NP0368,NP0358,2025,2025-12-11,4
NP0369,NP0355,2023,2023-12-16,5
NP0369,NP0355,2024,2024-12-08,4
NP0369,NP0355,2025,2025-12-17,5
NP0370,NP0353,2024,2024-12-09,3
NP0370,NP0353,2025,2025-12-19,3
NP0371,NP0353,2024,2024-12-17,3
NP0373,NP0358,2022,2022-12-19,3
NP0373,NP0358,2023,2023-12-11,3
NP0373,NP0358,2024,2024-12-02,4
NP0373,NP0358,2025,2025-12-05,3
NP0374,NP0356,2025,2025-12-12,3
NP0375,NP0357,2025,2025-12-01,3
NP0376,NP0358,2023,2023-12-05,4
NP0376,NP0358,2024,2024-12-10,4
NP0376,NP0358,2025,2025-12-03,5
NP0377,NP0357,2025,2025-12-14,4
NP0378,NP0353,2022,2022-12-03,3
NP0378,NP0353,2023,2023-12-18,3
NP0378,NP0353,2024,2024-12-12,3
NP0378,NP0353,2025,2025-12-04,3
NP0379,NP0354,2025,2025-12-16,1
NP0380,NP0355,2022,2022-12-07,4
NP0380,NP0355,2023,2023-12-16,4
NP0380,NP0355,2024,2024-12-08,3
NP0380,NP0355,2025,2025-12-04,4
NP0381,NP0354,2022,2022-12-05,3
NP0381,NP0354,2023,2023-12-13,3
NP0381,NP0354,2024,2024-12-14,2
NP0381,NP0354,2025,2025-12-20,3
NP0382,NP0355,2022,2022-12-16,3
NP0382,NP0355,2023,2023-12-19,4
NP0382,NP0355,2024,2024-12-06,3
NP0383,NP0353,2022,2022-12-12,1
NP0383,NP0353,2023,2023-12-01,2
NP0383,NP0353,2024,2024-12-20,1
NP0383,NP0353,2025,2025-12-03,1
NP0384,NP0356,2024,2024-12-08,3
NP0384,NP0356,2025,2025-12-07,3
NP0386,NP0353,2022,2022-12-14,4
NP0386,NP0353,2023,2023-12-06,4
NP0386,NP0353,2024,2024-12-14,4
NP0386,NP0353,2025,2025-12-16,4
NP0387,NP0353,2023,2023-12-02,4
NP0387,NP0353,2024,2024-12-06,5
NP0387,NP0353,2025,2025-12-06,3
NP0388,NP0357,2022,2022-12-04,3
NP0388,NP0357,2023,2023-12-15,3
NP0388,NP0357,2024,2024-12-04,2
NP0388,NP0357,2025,2025-12-13,3
NP0389,NP0358,2024,2024-12-11,2
NP0389,NP0358,2025,2025-12-05,2
NP0390,NP0358,2022,2022-12-15,2
NP0390,NP0358,2023,2023-12-01,1
NP0390,NP0358,2024,2024-12-13,3
NP0390,NP0358,2025,2025-12-14,3
NP0391,NP0356,2022,2022-12-09,4
NP0391,NP0356,2023,2023-12-04,3
NP0391,NP0356,2024,2024-12-15,3
NP0391,NP0356,2025,2025-12-17,4
NP0392,NP0356,2025,2025-12-11,5
NP0394,NP0356,2025,2025-12-14,2
NP0395,NP0353,2022,2022-12-03,2
NP0395,NP0353,2023,2023-12-05,4
NP0395,NP0353,2024,2024-12-19,3
NP0395,NP0353,2025,2025-12-09,3
NP0396,NP0355,2025,2025-12-15,5
NP0397,NP0355,2022,2022-12-14,4
NP0397,NP0355,2023,2023-12-04,3
NP0397,NP0355,2024,2024-12-16,3
NP0397,NP0355,2025,2025-12-20,3
NP0398,NP0356,2022,2022-12-12,5
NP0398,NP0356,2023,2023-12-10,5
NP0398,NP0356,2024,2024-12-01,4
NP0398,NP0356,2025,2025-12-12,5
NP0399,NP0353,2022,2022-12-14,2
NP0399,NP0353,2023,2023-12-02,2
NP0399,NP0353,2024,2024-12-20,2
NP0399,NP0353,2025,2025-12-18,2
NP0401,NP0355,2022,2022-12-13,4
NP0401,NP0355,2023,2023-12-04,4
NP0401,NP0355,2024,2024-12-05,4
NP0401,NP0355,2025,2025-12-14,3
NP0402,NP0353,2022,2022-12-09,3
NP0402,NP0353,2023,2023-12-20,4
NP0402,NP0353,2024,2024-12-08,4
NP0402,NP0353,2025,2025-12-17,3
NP0403,NP0353,2025,2025-12-19,2
NP0404,NP0354,2025,2025-12-12,2
NP0405,NP0357,2023,2023-12-02,4
NP0405,NP0357,2024,2024-12-04,4
NP0405,NP0357,2025,2025-12-13,2
NP0406,NP0354,2023,2023-12-11,2
NP0406,NP0354,2024,2024-12-10,2
NP0406,NP0354,2025,2025-12-09,3
NP0410,NP0357,2022,2022-12-19,3
NP0410,NP0357,2023,2023-12-17,3
NP0410,NP0357,2024,2024-12-18,3
NP0410,NP0357,2025,2025-12-02,3
NP0411,NP0353,2025,2025-12-12,2
NP0412,NP0358,2024,2024-12-14,4
NP0412,NP0358,2025,2025-12-09,4
NP0413,NP0353,2022,2022-12-09,2
NP0413,NP0353,2023,2023-12-17,3
NP0413,NP0353,2024,2024-12-06,3
NP0413,NP0353,2025,2025-12-10,3
NP0414,NP0355,2024,2024-12-01,5
NP0414,NP0355,2025,2025-12-14,4
NP0415,NP0353,2022,2022-12-15,2
NP0415,NP0353,2023,2023-12-20,3
NP0415,NP0353,2024,2024-12-04,2
NP0415,NP0353,2025,2025-12-08,3
NP0416,NP0355,2025,2025-12-08,3
NP0417,NP0358,2022,2022-12-03,2
NP0417,NP0358,2023,2023-12-20,2
NP0418,NP0357,2022,2022-12-14,4
NP0418,NP0357,2023,2023-12-13,3
NP0418,NP0357,2024,2024-12-16,4
NP0418,NP0357,2025,2025-12-11,4
NP0419,NP0358,2025,2025-12-11,3
NP0420,NP0355,2024,2024-12-15,4
NP0421,NP0001,2022,2022-12-07,3
NP0421,NP0001,2023,2023-12-13,3
NP0421,NP0001,2024,2024-12-09,3
NP0421,NP0001,2025,2025-12-19,4
NP0422,NP0421,2022,2022-12-03,3
NP0422,NP0421,2023,2023-12-12,3
NP0422,NP0421,2024,2024-12-03,4
NP0422,NP0421,2025,2025-12-12,5
NP0423,NP0421,2022,2022-12-10,3
NP0423,NP0421,2023,2023-12-15,3
NP0423,NP0421,2024,2024-12-01,3
NP0423,NP0421,2025,2025-12-20,4
NP0424,NP0421,2022,2022-12-12,3
NP0424,NP0421,2023,2023-12-01,3
NP0424,NP0421,2024,2024-12-10,3
NP0424,NP0421,2025,2025-12-08,3
NP0425,NP0421,2022,2022-12-13,4
NP0425,NP0421,2023,2023-12-20,3
NP0425,NP0421,2024,2024-12-04,4
NP0425,NP0421,2025,2025-12-04,4
NP0426,NP0421,2022,2022-12-19,3
NP0426,NP0421,2023,2023-12-13,5
NP0426,NP0421,2024,2024-12-18,3
NP0426,NP0421,2025,2025-12-14,4
NP0427,NP0421,2022,2022-12-20,2
NP0427,NP0421,2023,2023-12-04,3
NP0427,NP0421,2024,2024-12-11,2
NP0427,NP0421,2025,2025-12-08,2
NP0428,NP0421,2022,2022-12-13,3
NP0428,NP0421,2023,2023-12-15,4
NP0428,NP0421,2024,2024-12-06,4
NP0428,NP0421,2025,2025-12-10,4
NP0429,NP0421,2022,2022-12-01,2
NP0429,NP0421,2023,2023-12-15,3
NP0429,NP0421,2024,2024-12-06,3
NP0429,NP0421,2025,2025-12-19,3
NP0430,NP0422,2022,2022-12-14,4
NP0430,NP0422,2023,2023-12-01,3
NP0432,NP0424,2024,2024-12-20,3
NP0432,NP0424,2025,2025-12-19,3
NP0433,NP0428,2023,2023-12-14,3
NP0433,NP0428,2024,2024-12-08,3
NP0433,NP0428,2025,2025-12-06,2
NP0434,NP0427,2022,2022-12-03,3
NP0434,NP0427,2023,2023-12-12,4
NP0434,NP0427,2024,2024-12-13,4
NP0435,NP0429,2022,2022-12-17,4
NP0435,NP0429,2023,2023-12-06,3
NP0435,NP0429,2024,2024-12-15,3
NP0435,NP0429,2025,2025-12-06,5
NP0436,NP0427,2023,2023-12-16,5
NP0436,NP0427,2024,2024-12-11,3
NP0436,NP0427,2025,2025-12-05,3
NP0437,NP0425,2022,2022-12-07,4
NP0437,NP0425,2023,2023-12-19,3
NP0437,NP0425,2024,2024-12-20,3
NP0437,NP0425,2025,2025-12-15,4
NP0438,NP0427,2024,2024-12-15,4
NP0441,NP0428,2022,2022-12-20,3
NP0441,NP0428,2023,2023-12-06,2
NP0441,NP0428,2024,2024-12-08,1
NP0441,NP0428,2025,2025-12-01,3
NP0444,NP0429,2022,2022-12-03,2
NP0444,NP0429,2023,2023-12-18,1
NP0444,NP0429,2024,2024-12-04,2
NP0444,NP0429,2025,2025-12-18,1
NP0445,NP0427,2022,2022-12-01,1
NP0445,NP0427,2023,2023-12-02,3
NP0445,NP0427,2024,2024-12-10,3
NP0445,NP0427,2025,2025-12-02,1
NP0446,NP0425,2023,2023-12-12,1
NP0447,NP0428,2022,2022-12-04,3
NP0447,NP0428,2023,2023-12-04,2
NP0447,NP0428,2024,2024-12-19,2
NP0447,NP0428,2025,2025-12-04,2
NP0449,NP0424,2022,2022-12-08,1
NP0450,NP0425,2022,2022-12-04,3
NP0450,NP0425,2023,2023-12-15,4
NP0450,NP0425,2024,2024-12-16,4
NP0451,NP0428,2022,2022-12-10,2
NP0451,NP0428,2023,2023-12-15,3
NP0451,NP0428,2024,2024-12-09,3
NP0451,NP0428,2025,2025-12-19,3
NP0453,NP0428,2024,2024-12-05,3
NP0453,NP0428,2025,2025-12-05,3
NP0454,NP0428,2022,2022-12-12,2
NP0454,NP0428,2023,2023-12-19,2
NP0454,NP0428,2024,2024-12-06,3
NP0454,NP0428,2025,2025-12-19,2
NP0455,NP0426,2022,2022-12-15,3
NP0456,NP0429,2024,2024-12-05,1
NP0456,NP0429,2025,2025-12-09,1
NP0457,NP0427,2022,2022-12-08,5
NP0457,NP0427,2023,2023-12-10,4
NP0457,NP0427,2024,2024-12-05,4
NP0457,NP0427,2025,2025-12-17,4
NP0458,NP0425,2025,2025-12-17,4
NP0460,NP0427,2022,2022-12-06,4
NP0460,NP0427,2023,2023-12-12,3
NP0460,NP0427,2024,2024-12-17,3
NP0460,NP0427,2025,2025-12-11,3
NP0461,NP0426,2024,2024-12-16,4
NP0461,NP0426,2025,2025-12-06,4
NP0462,NP0424,2024,2024-12-16,3
NP0462,NP0424,2025,2025-12-13,4
NP0463,NP0428,2022,2022-12-11,4
NP0463,NP0428,2023,2023-12-08,4
NP0463,NP0428,2024,2024-12-09,4
NP0464,NP0424,2024,2024-12-04,2
NP0465,NP0426,2022,2022-12-19,4
NP0465,NP0426,2023,2023-12-01,5
NP0465,NP0426,2024,2024-12-17,3
NP0465,NP0426,2025,2025-12-08,4
NP0466,NP0429,2025,2025-12-02,3
NP0467,NP0429,2022,2022-12-13,1
NP0467,NP0429,2023,2023-12-17,1
NP0467,NP0429,2024,2024-12-03,2
NP0467,NP0429,2025,2025-12-18,4
NP0470,NP0429,2022,2022-12-08,3
NP0470,NP0429,2023,2023-12-06,4
NP0470,NP0429,2024,2024-12-08,3
NP0470,NP0429,2025,2025-12-06,4
NP0472,NP0428,2022,2022-12-02,4
NP0472,NP0428,2023,2023-12-09,3
NP0472,NP0428,2024,2024-12-03,3
NP0472,NP0428,2025,2025-12-03,2
NP0473,NP0424,2023,2023-12-05,3
NP0473,NP0424,2024,2024-12-08,3
NP0473,NP0424,2025,2025-12-08,2
NP0474,NP0427,2022,2022-12-15,3
NP0474,NP0427,2023,2023-12-04,3
NP0474,NP0427,2024,2024-12-11,4
NP0474,NP0427,2025,2025-12-03,4
NP0475,NP0423,2025,2025-12-03,4
NP0476,NP0423,2022,2022-12-16,3
NP0476,NP0423,2023,2023-12-07,4
NP0476,NP0423,2024,2024-12-20,2
NP0477,NP0428,2022,2022-12-14,2
NP0477,NP0428,2023,2023-12-04,2
NP0477,NP0428,2024,2024-12-07,2
NP0477,NP0428,2025,2025-12-19,3
NP0478,NP0422,2022,2022-12-15,3
NP0478,NP0422,2023,2023-12-01,3
NP0478,NP0422,2024,2024-12-09,4
NP0478,NP0422,2025,2025-12-16,3
NP0479,NP0426,2025,2025-12-16,3
NP0481,NP0427,2022,2022-12-10,3
NP0481,NP0427,2023,2023-12-18,3
NP0481,NP0427,2024,2024-12-08,2
NP0481,NP0427,2025,2025-12-17,3
NP0482,NP0429,2022,2022-12-10,2
NP0482,NP0429,2023,2023-12-06,2
NP0482,NP0429,2024,2024-12-16,4
NP0482,NP0429,2025,2025-12-17,2
NP0483,NP0425,2024,2024-12-16,3
NP0483,NP0425,2025,2025-12-14,3
NP0484,NP0428,2022,2022-12-10,4
NP0484,NP0428,2023,2023-12-11,4
NP0484,NP0428,2024,2024-12-18,3
NP0484,NP0428,2025,2025-12-04,3
NP0487,NP0426,2024,2024-12-17,4
NP0489,NP0426,2022,2022-12-07,5
NP0489,NP0426,2023,2023-12-19,4
NP0489,NP0426,2024,2024-12-07,3
NP0490,NP0422,2022,2022-12-06,5
NP0490,NP0422,2023,2023-12-06,4
NP0490,NP0422,2024,2024-12-11,5
NP0491,NP0427,2022,2022-12-14,3
NP0491,NP0427,2023,2023-12-09,4
NP0491,NP0427,2024,2024-12-10,4
NP0491,NP0427,2025,2025-12-12,4
NP0492,NP0426,2022,2022-12-12,4
NP0492,NP0426,2023,2023-12-11,3
NP0492,NP0426,2024,2024-12-13,4
NP0492,NP0426,2025,2025-12-14,5
NP0494,NP0424,2023,2023-12-05,3
NP0494,NP0424,2024,2024-12-15,3
NP0494,NP0424,2025,2025-12-07,3
NP0495,NP0429,2022,2022-12-07,4
NP0495,NP0429,2023,2023-12-12,4
NP0495,NP0429,2024,2024-12-01,4
NP0495,NP0429,2025,2025-12-11,5
NP0496,NP0424,2022,2022-12-18,3
NP0496,NP0424,2023,2023-12-07,3
NP0496,NP0424,2024,2024-12-20,2
NP0496,NP0424,2025,2025-12-04,3
NP0497,NP0427,2025,2025-12-03,4
NP0499,NP0427,2022,2022-12-16,4
NP0499,NP0427,2023,2023-12-19,2
NP0499,NP0427,2024,2024-12-02,4
NP0499,NP0427,2025,2025-12-13,3
NP0500,NP0429,2024,2024-12-16,1
NP0500,NP0429,2025,2025-12-08,1
NP0502,NP0422,2022,2022-12-13,5
NP0502,NP0422,2023,2023-12-02,5
NP0502,NP0422,2024,2024-12-09,5
NP0502,NP0422,2025,2025-12-18,3
NP0504,NP0427,2022,2022-12-11,2
NP0504,NP0427,2023,2023-12-14,7
NP0505,NP0423,2022,2022-12-19,3
NP0505,NP0423,2023,2023-12-07,3
NP0505,NP0423,2024,2024-12-11,3
NP0505,NP0423,2025,2025-12-19,3
NP0506,NP0428,2022,2022-12-18,3
NP0506,NP0428,2023,2023-12-17,3
NP0506,NP0428,2024,2024-12-05,2
NP0506,NP0428,2025,2025-12-03,4
NP0507,NP0427,2022,2022-12-11,2
NP0507,NP0427,2023,2023-12-12,4
NP0507,NP0427,2024,2024-12-07,3
NP0507,NP0427,2025,2025-12-06,3
NP0508,NP0422,2023,2023-12-12,2
NP0508,NP0422,2024,2024-12-11,2
NP0508,NP0422,2025,2025-12-09,3
NP0510,NP0427,2024,2024-12-09,4
NP0510,NP0427,2025,2025-12-05,4
NP0511,NP0001,2022,2022-12-04,3
NP0511,NP0001,2023,2023-12-16,3
NP0511,NP0001,2024,2024-12-02,4
NP0511,NP0001,2025,2025-12-17,3
NP0512,NP0511,2022,2022-12-12,3
NP0512,NP0511,2023,2023-12-02,2
NP0512,NP0511,2024,2024-12-17,3
NP0512,NP0511,2025,2025-12-18,2
NP0513,NP0511,2022,2022-12-16,3
NP0513,NP0511,2023,2023-12-03,4
NP0513,NP0511,2024,2024-12-03,
NP0513,NP0511,2025,2025-12-04,3
NP0514,NP0511,2022,2022-12-18,3
NP0514,NP0511,2023,2023-12-03,3
NP0514,NP0511,2024,2024-12-19,3
NP0514,NP0511,2025,2025-12-07,2
NP0515,NP0514,2022,2022-12-03,3
NP0515,NP0514,2023,2023-12-09,2
NP0515,NP0514,2024,2024-12-15,2
NP0515,NP0514,2025,2025-12-05,3
NP0517,NP0514,2025,2025-12-11,4
NP0518,NP0514,2022,2022-12-11,2
NP0518,NP0514,2023,2023-12-15,1
NP0518,NP0514,2024,2024-12-14,2
NP0518,NP0514,2025,2025-12-01,2
NP0519,NP0513,2022,2022-12-20,4
NP0519,NP0513,2023,2023-12-13,4
NP0519,NP0513,2024,2024-12-14,4
NP0519,NP0513,2025,2025-12-05,4
NP0522,NP0513,2022,2022-12-18,5
NP0522,NP0513,2023,2023-12-15,4
NP0522,NP0513,2024,2024-12-19,4
NP0522,NP0513,2025,2025-12-12,5
NP0523,NP0514,2024,2024-12-19,2
NP0524,NP0513,2024,2024-12-07,1
NP0524,NP0513,2025,2025-12-06,1
NP0525,NP0513,2022,2022-12-04,4
NP0525,NP0513,2023,2023-12-02,3
NP0525,NP0513,2024,2024-12-05,2
NP0526,NP0513,2022,2022-12-11,3
NP0526,NP0513,2023,2023-12-08,4
NP0526,NP0513,2024,2024-12-06,3
NP0526,NP0513,2025,2025-12-14,4
NP0527,NP0512,2025,2025-12-07,4
NP0528,NP0514,2025,2025-12-12,3
NP0529,NP0512,2024,2024-12-15,2
NP0529,NP0512,2025,2025-12-04,2
NP0530,NP0512,2022,2022-12-15,2
NP0530,NP0512,2023,2023-12-07,2
NP0530,NP0512,2024,2024-12-13,3
NP0530,NP0512,2025,2025-12-07,3
NP0531,NP0512,2022,2022-12-04,3
NP0531,NP0512,2023,2023-12-03,3
NP0531,NP0512,2024,2024-12-19,3
NP0531,NP0512,2025,2025-12-17,3
NP0532,NP0512,2022,2022-12-04,3
NP0532,NP0512,2023,2023-12-16,2
NP0532,NP0512,2024,2024-12-11,2
NP0532,NP0512,2025,2025-12-14,3
NP0533,NP0514,2025,2025-12-17,3
NP0534,NP0512,2022,2022-12-12,1
NP0534,NP0512,2023,2023-12-15,2
NP0534,NP0512,2024,2024-12-01,3
NP0534,NP0512,2025,2025-12-13,2
NP0535,NP0512,2023,2023-12-04,2
NP0536,NP0512,2022,2022-12-10,4
NP0536,NP0512,2023,2023-12-08,3
NP0536,NP0512,2024,2024-12-13,3
NP0539,NP0512,2022,2022-12-08,4
NP0539,NP0512,2023,2023-12-17,4
NP0539,NP0512,2024,2024-12-05,4
NP0539,NP0512,2025,2025-12-02,
NP0540,NP0513,2023,2023-12-02,3
NP0540,NP0513,2024,2024-12-10,3
NP0540,NP0513,2025,2025-12-12,2
NP0541,NP0512,2022,2022-12-14,1
NP0541,NP0512,2023,2023-12-06,2
NP0541,NP0512,2024,2024-12-05,2
NP0541,NP0512,2025,2025-12-06,1
NP0542,NP0513,2022,2022-12-06,4
NP0543,NP0513,2023,2023-12-10,0
NP0543,NP0513,2024,2024-12-09,3
NP0543,NP0513,2025,2025-12-20,2
NP0544,NP0512,2022,2022-12-11,4
NP0544,NP0512,2023,2023-12-01,3
NP0544,NP0512,2024,2024-12-05,3
NP0544,NP0512,2025,2025-12-14,3
NP0545,NP0514,2022,2022-12-20,3
NP0545,NP0514,2023,2023-12-17,3
NP0545,NP0514,2024,2024-12-12,3
NP0545,NP0514,2025,2025-12-08,4
NP0546,NP0514,2024,2024-12-04,3
NP0546,NP0514,2025,2025-12-16,2
NP0548,NP0513,2023,2023-12-01,3
NP0548,NP0513,2024,2024-12-10,2
NP0548,NP0513,2025,2025-12-09,4
NP0549,NP0513,2024,2024-12-05,3
NP0549,NP0513,2025,2025-12-20,4
NP0550,NP0514,2022,2022-12-04,2
NP0550,NP0514,2023,2023-12-19,3
NP0550,NP0514,2024,2024-12-07,3
NP0550,NP0514,2025,2025-12-05,3
NP0200,NP0160,2024,2024-12-10,3
NP0099,NP0007,2025,2025-12-04,3
NP0310,NP0293,2025,2025-12-02,3
NP0513,NP0511,2023,2023-12-03,3
