EmployeeCode,PromotionDate,MovementType,OldJobTitle,NewJobTitle,OldDepartment,NewDepartment
NP0031,2023-04-01,Promotion,Software Engineer,Senior Software Engineer,Engineering,Engineering
NP0047,2025-04-01,Promotion,Software Engineer Trainee,Software Engineer,Engineering,Engineering
NP0049,2025-04-01,Promotion,Software Engineer Trainee,Software Engineer,Engineering,Engineering
NP0055,2023-04-01,Promotion,Software Engineer,Senior Software Engineer,Engineering,Engineering
NP0057,2025-04-01,Promotion,Software Engineer,Senior Software Engineer,Engineering,Engineering
NP0065,2025-04-01,Promotion,Software Engineer Trainee,Software Engineer,Engineering,Engineering
NP0067,2024-04-01,Promotion,Software Engineer Trainee,Software Engineer,Engineering,Engineering
NP0089,2024-04-01,Promotion,software engineer,Senior Software Engineer,Engineering,Engineering
NP0137,2023-04-01,Promotion,Software Engineer,Senior Software Engineer,Engineering,Engineering
NP0146,2024-04-01,Promotion,Software Engineer,Senior Software Engineer,Engineering,Engineering
NP0147,2024-04-01,Promotion,Software Engineer,Senior Software Engineer,Engineering,Engineering
NP0149,2023-04-01,Promotion,software engineer,Senior Software Engineer,Engineering,Engineering
NP0181,2024-04-01,Promotion,Sales Trainee,Sales Executive,Sales,Sales
NP0203,2024-04-01,Promotion,Sales Trainee,Sales Executive,Sales,Sales
NP0206,2023-04-01,Promotion,Sales Executive,Senior Sales Executive,Sales,Sales
NP0207,2025-04-01,Promotion,Sales Executive,Senior Sales Executive,Sales,Sales
NP0214,2024-04-01,Promotion,Sales Executive,Senior Sales Executive,Sales,Sales
NP0233,2025-04-01,Promotion,Sales Trainee,Sales Executive,Sales,Sales
NP0234,2024-04-01,Promotion,Sales Trainee,Sales Executive,Sales,Sales
NP0234,2025-04-01,Promotion,Sales Executive,Senior Sales Executive,Sales,Sales
NP0238,2024-04-01,Promotion,Sales Executive,Senior Sales Executive,Sales,Sales
NP0239,2025-04-01,Promotion,Sales Trainee,Sales Executive,Sales,Sales
NP0260,2025-04-01,Promotion,Marketing Executive,Senior Marketing Executive,Marketing,Marketing
NP0261,2025-04-01,Promotion,Marketing Executive,Senior Marketing Executive,Marketing,Marketing
NP0262,2024-04-01,Promotion,Marketing Executive,Senior Marketing Executive,Marketing,Marketing
NP0272,2023-04-01,Promotion,Marketing Executive,Senior Marketing Executive,Marketing,Marketing
NP0274,2024-04-01,Promotion,Marketing Executive,Senior Marketing Executive,Marketing,Marketing
NP0276,2025-04-01,Promotion,Marketing Trainee,Marketing Executive,Marketing,Marketing
NP0280,2023-04-01,Promotion,Marketing Executive,Senior Marketing Executive,Marketing,Marketing
NP0290,2024-04-01,Promotion,Marketing Executive,Senior Marketing Executive,Marketing,Marketing
NP0296,2025-04-01,Promotion,HR Executive,Senior HR Executive,HR,HR
NP0298,2025-04-01,Promotion,HR Executive,Senior HR Executive,HR,HR
NP0325,2025-04-01,Promotion,Finance Analyst,Senior Finance Analyst,Finance,Finance
NP0337,2024-04-01,Promotion,finance analyst,Senior Finance Analyst,Finance,Finance
NP0370,2025-04-01,Promotion,Operations Executive,Senior Operations Executive,Operations,Operations
NP0382,2023-04-01,Promotion,Operations Executive,Senior Operations Executive,Operations,Operations
NP0386,2025-04-01,Promotion,Operations Trainee,Operations Executive,Operations,Operations
NP0388,2023-04-01,Promotion,Operations Executive,Senior Operations Executive,Operations,Operations
NP0398,2024-04-01,Promotion,Operations Executive,Senior Operations Executive,Operations,Operations
NP0402,2025-04-01,Promotion,Operations Executive,Senior Operations Executive,Operations,Operations
NP0412,2025-04-01,Promotion,Operations Trainee,Operations Executive,Operations,Operations
NP0418,2025-04-01,Promotion,Operations Trainee,Operations Executive,Operations,Operations
NP0420,2025-04-01,Promotion,Operations Trainee,Operations Executive,Operations,Operations
NP0435,2023-04-01,Promotion,Support Executive,Senior Support Executive,Customer Support,Customer Support
NP0470,2024-04-01,Promotion,Support Executive,Senior Support Executive,Customer Support,Customer Support
NP0473,2024-04-01,Promotion,Support Trainee,Support Executive,Customer Support,Customer Support
NP0481,2023-04-01,Promotion,Support Executive,Senior Support Executive,Customer Support,Customer Support
NP0490,2024-04-01,Promotion,Support Executive,Senior Support Executive,Customer Support,Customer Support
NP0491,2024-04-01,Promotion,Support Trainee,Support Executive,Customer Support,Customer Support
NP0998,2023-04-01,Promotion,Software Engineer,Senior Software Engineer,Engineering,Engineering
NP0997,2024-04-01,Promotion,Sales Executive,Senior Sales Executive,Sales,Sales
