EmployeeCode,EffectiveDate,BaseSalary,ChangeReason
NP0001,2010-06-01,2655600,Hire
NP0001,2011-04-01,2814900,Annual Increment
NP0001,2012-04-01,2983800,Annual Increment
NP0001,2013-04-01,3162800,Annual Increment
NP0001,2014-04-01,3352600,Annual Increment
NP0001,2015-04-01,3553800,Annual Increment
NP0001,2016-04-01,3767000,Annual Increment
NP0001,2017-04-01,3993000,Annual Increment
NP0001,2018-04-01,4232600,Annual Increment
NP0001,2019-04-01,4486600,Annual Increment
NP0001,2020-04-01,4755800,Annual Increment
NP0001,2021-04-01,5041100,Annual Increment
NP0001,2022-04-01,5265500,Annual Increment
NP0001,2023-04-01,5484800,Annual Increment
NP0001,2024-04-01,5714600,Annual Increment
NP0001,2025-04-01,5989300,Annual Increment
NP0002,2011-03-03,1635200,Hire
NP0002,2012-04-01,1733300,Annual Increment
NP0002,2013-04-01,1837300,Annual Increment
NP0002,2014-04-01,1947500,Annual Increment
NP0002,2015-04-01,2064400,Annual Increment
NP0002,2016-04-01,2188300,Annual Increment
NP0002,2017-04-01,2319600,Annual Increment
NP0002,2018-04-01,2458800,Annual Increment
NP0002,2019-04-01,2606300,Annual Increment
NP0002,2020-04-01,2762700,Annual Increment
NP0002,2021-04-01,2928500,Annual Increment
NP0002,2022-04-01,3097600,Annual Increment
NP0002,2023-04-01,3259000,Annual Increment
NP0002,2024-04-01,3436700,Annual Increment
NP0002,2025-04-01,3621200,Annual Increment
NP0003,2016-07-08,1379700,Hire
NP0003,2017-04-01,1462500,Annual Increment
NP0003,2018-04-01,1550200,Annual Increment
NP0003,2019-04-01,1643200,Annual Increment
NP0003,2020-04-01,1741800,Annual Increment
NP0003,2021-04-01,1846300,Annual Increment
NP0003,2022-04-01,1944500,Annual Increment
NP0003,2023-04-01,2054500,Annual Increment
NP0003,2024-04-01,2115100,Annual Increment
NP0003,2025-04-01,2249100,Annual Increment
NP0004,2015-06-26,1360200,Hire
NP0004,2016-04-01,1441800,Annual Increment
NP0004,2017-04-01,1528300,Annual Increment
NP0004,2018-04-01,1620000,Annual Increment
NP0004,2019-04-01,1717200,Annual Increment
NP0004,2020-04-01,1820200,Annual Increment
NP0004,2021-04-01,1929400,Annual Increment
NP0004,2022-04-01,2026600,Annual Increment
NP0004,2023-04-01,2070300,Annual Increment
NP0004,2024-04-01,2127600,Annual Increment
NP0004,2025-04-01,2266300,Annual Increment
NP0005,2014-04-04,1460800,Hire
NP0005,2015-04-01,1548400,Annual Increment
NP0005,2016-04-01,1641300,Annual Increment
NP0005,2017-04-01,1739800,Annual Increment
NP0005,2018-04-01,1844200,Annual Increment
NP0005,2019-04-01,1954900,Annual Increment
NP0005,2020-04-01,2072200,Annual Increment
NP0005,2021-04-01,2196500,Annual Increment
NP0005,2022-04-01,2290100,Annual Increment
NP0005,2023-04-01,2492600,Annual Increment
NP0005,2024-04-01,2725000,Annual Increment
NP0005,2025-04-01,2730000,Annual Increment
NP0006,2014-05-27,1390100,Hire
NP0006,2015-04-01,1473500,Annual Increment
NP0006,2016-04-01,1561900,Annual Increment
NP0006,2017-04-01,1655600,Annual Increment
NP0006,2018-04-01,1754900,Annual Increment
NP0006,2019-04-01,1860200,Annual Increment
NP0006,2020-04-01,1971800,Annual Increment
NP0006,2021-04-01,2090100,Annual Increment
NP0006,2022-04-01,2212800,Annual Increment
NP0006,2023-04-01,2236400,Annual Increment
NP0006,2024-04-01,2299300,Annual Increment
NP0006,2025-04-01,2340000,Annual Increment
NP0007,2014-03-07,1450900,Hire
NP0007,2015-04-01,1538000,Annual Increment
NP0007,2016-04-01,1630300,Annual Increment
NP0007,2017-04-01,1728100,Annual Increment
NP0007,2018-04-01,1831800,Annual Increment
NP0007,2019-04-01,1941700,Annual Increment
NP0007,2020-04-01,2058200,Annual Increment
NP0007,2021-04-01,2181700,Annual Increment
NP0007,2022-04-01,2271100,Annual Increment
NP0007,2023-04-01,2393600,Annual Increment
NP0007,2024-04-01,2593800,Annual Increment
NP0007,2025-04-01,2730000,Annual Increment
NP0008,2014-10-13,1433300,Hire
NP0008,2016-04-01,1519300,Annual Increment
NP0008,2017-04-01,1610500,Annual Increment
NP0008,2018-04-01,1707100,Annual Increment
NP0008,2019-04-01,1809500,Annual Increment
NP0008,2020-04-01,1918100,Annual Increment
NP0008,2021-04-01,2033200,Annual Increment
NP0008,2022-04-01,2115900,Annual Increment
NP0008,2023-04-01,2255300,Annual Increment
NP0008,2024-04-01,2375400,Annual Increment
NP0008,2025-04-01,2509500,Annual Increment
NP0009,2014-04-07,1269100,Hire
NP0009,2015-04-01,1345200,Annual Increment
NP0009,2016-04-01,1425900,Annual Increment
NP0009,2017-04-01,1511500,Annual Increment
NP0009,2018-04-01,1602200,Annual Increment
NP0009,2019-04-01,1698300,Annual Increment
NP0009,2020-04-01,1800200,Annual Increment
NP0009,2021-04-01,1908200,Annual Increment
NP0009,2022-04-01,2006400,Annual Increment
NP0009,2023-04-01,2186300,Annual Increment
NP0009,2024-04-01,2310700,Annual Increment
NP0009,2025-04-01,2455300,Annual Increment
NP0010,2014-08-23,1216100,Hire
NP0010,2015-04-01,1289100,Annual Increment
NP0010,2016-04-01,1366400,Annual Increment
NP0010,2017-04-01,1448400,Annual Increment
NP0010,2018-04-01,1535300,Annual Increment
NP0010,2019-04-01,1627400,Annual Increment
NP0010,2020-04-01,1725000,Annual Increment
NP0010,2021-04-01,1828500,Annual Increment
NP0010,2022-04-01,1931500,Annual Increment
NP0010,2023-04-01,2108300,Annual Increment
NP0010,2024-04-01,2296000,Annual Increment
NP0010,2025-04-01,2420700,Annual Increment
NP0011,2016-11-05,1508500,Hire
NP0011,2018-04-01,1599000,Annual Increment
NP0011,2019-04-01,1694900,Annual Increment
NP0011,2020-04-01,1796600,Annual Increment
NP0011,2021-04-01,1904400,Annual Increment
NP0011,2022-04-01,2004200,Annual Increment
NP0011,2023-04-01,2126300,Annual Increment
NP0011,2024-04-01,2237600,Annual Increment
NP0011,2025-04-01,2362000,Annual Increment
NP0012,2015-09-22,1424500,Hire
NP0012,2016-04-01,1510000,Annual Increment
NP0012,2017-04-01,1600600,Annual Increment
NP0012,2018-04-01,1696600,Annual Increment
NP0012,2019-04-01,1798400,Annual Increment
NP0012,2020-04-01,1906300,Annual Increment
NP0012,2021-04-01,2020700,Annual Increment
NP0012,2022-04-01,2132600,Annual Increment
NP0012,2023-04-01,2278600,Annual Increment
NP0012,2024-04-01,2407900,Annual Increment
NP0012,2025-04-01,2571300,Annual Increment
NP0013,2016-08-31,1605800,Hire
NP0013,2017-04-01,1702100,Annual Increment
NP0013,2018-04-01,1804200,Annual Increment
NP0013,2019-04-01,1912500,Annual Increment
NP0013,2020-04-01,2027200,Annual Increment
NP0013,2021-04-01,2148800,Annual Increment
NP0013,2022-04-01,2245700,Annual Increment
NP0013,2023-04-01,2461600,Annual Increment
NP0013,2024-04-01,2608700,Annual Increment
NP0013,2025-04-01,2663400,Annual Increment
NP0014,2016-06-16,1848600,Hire
NP0014,2017-04-01,1959500,Annual Increment
NP0014,2018-04-01,2077100,Annual Increment
NP0014,2019-04-01,2201700,Annual Increment
NP0014,2020-04-01,2333800,Annual Increment
NP0014,2021-04-01,2473800,Annual Increment
NP0014,2022-04-01,2605600,Annual Increment
NP0014,2023-04-01,2730000,Annual Increment
NP0015,2018-11-08,351900,Hire
NP0015,2020-04-01,373000,Annual Increment
NP0015,2021-04-01,395400,Annual Increment
NP0015,2022-04-01,411700,Annual Increment
NP0015,2023-04-01,437600,Annual Increment
NP0015,2024-04-01,460600,Annual Increment
NP0015,2025-04-01,487800,Annual Increment
NP0016,2019-04-22,606200,Hire
NP0016,2020-04-01,642600,Annual Increment
NP0016,2021-04-01,681200,Annual Increment
NP0016,2022-04-01,710000,Annual Increment
NP0016,2023-04-01,721300,Annual Increment
NP0016,2024-04-01,732900,Annual Increment
NP0016,2025-04-01,754700,Annual Increment
NP0017,2017-06-04,542600,Hire
NP0017,2018-04-01,,Annual Increment
NP0017,2019-04-01,609700,Annual Increment
NP0017,2020-04-01,646300,Annual Increment
NP0017,2021-04-01,685100,Annual Increment
NP0017,2022-04-01,713600,Annual Increment
NP0017,2023-04-01,806400,Annual Increment
NP0017,2024-04-01,918300,Annual Increment
NP0017,2025-04-01,945000,Annual Increment
NP0018,2023-06-28,1332600,Hire
NP0018,2024-04-01,1368300,Annual Increment
NP0018,2025-04-01,1388100,Annual Increment
NP0019,2022-04-28,344000,Hire
NP0020,2020-05-02,397700,Hire
NP0020,2021-04-01,0,Annual Increment
NP0020,2022-04-01,438600,Annual Increment
NP0020,2023-04-01,476800,Annual Increment
NP0020,2024-04-01,502100,Annual Increment
NP0020,2025-04-01,525000,Annual Increment
NP0021,2022-05-29,392000,Hire
NP0021,2023-04-01,417900,Annual Increment
NP0021,2024-04-01,440700,Annual Increment
NP0021,2025-04-01,467400,Annual Increment
NP0022,2021-07-11,1004800,Hire
NP0022,2022-04-01,1052500,Annual Increment
NP0022,2023-04-01,1065100,Annual Increment
NP0022,2024-04-01,1153800,Annual Increment
NP0022,2025-04-01,1260700,Annual Increment
NP0023,2020-07-22,981900,Hire
NP0023,2021-04-01,1040800,Annual Increment
NP0023,2022-04-01,1095300,Annual Increment
NP0024,2025-02-22,304000,Hire
NP0025,2022-03-23,1063300,Hire
NP0025,2023-04-01,1208800,Annual Increment
NP0025,2024-04-01,1323700,Annual Increment
NP0025,2025-04-01,1433600,Annual Increment
NP0026,2022-02-20,342200,Hire
NP0027,2023-12-18,419400,Hire
NP0027,2025-04-01,458100,Annual Increment
NP0028,2021-12-02,1231800,Hire
NP0028,2023-04-01,1314500,Annual Increment
NP0028,2024-04-01,1387500,Annual Increment
NP0028,2025-04-01,1525100,Annual Increment
NP0029,2023-06-06,368000,Hire
NP0029,2024-04-01,378700,Annual Increment
NP0029,2025-04-01,389300,Annual Increment
NP0030,2020-09-23,1176500,Hire
NP0030,2021-04-01,1247100,Annual Increment
NP0030,2022-04-01,1321200,Annual Increment
NP0030,2023-04-01,1450500,Annual Increment
NP0030,2024-04-01,1638100,Annual Increment
NP0030,2025-04-01,1680000,Annual Increment
NP0031,2019-06-24,585700,Hire
NP0031,2020-04-01,620800,Annual Increment
NP0031,2021-04-01,658000,Annual Increment
NP0031,2022-04-01,696700,Annual Increment
NP0031,2023-04-01,900000,Promotion
NP0031,2024-04-01,976500,Annual Increment
NP0031,2025-04-01,1104500,Annual Increment
NP0032,2017-02-20,333100,Hire
NP0032,2018-04-01,353100,Annual Increment
NP0032,2019-04-01,374300,Annual Increment
NP0032,2020-04-01,396800,Annual Increment
NP0032,2021-04-01,420600,Annual Increment
NP0032,2022-04-01,440000,Annual Increment
NP0032,2023-04-01,480600,Annual Increment
NP0032,2024-04-01,525000,Annual Increment
NP0033,2022-08-07,547400,Hire
NP0033,2023-04-01,578300,Annual Increment
NP0033,2024-04-01,593400,Annual Increment
NP0034,2024-06-25,746400,Hire
NP0034,2025-04-01,795500,Annual Increment
NP0035,2025-07-07,327900,Hire
NP0036,2024-05-01,351000,Hire
NP0036,2025-04-01,397700,Annual Increment
NP0037,2025-05-20,1155300,Hire
NP0038,2020-03-01,1015600,Hire
NP0038,2021-04-01,1076500,Annual Increment
NP0038,2022-04-01,1128000,Annual Increment
NP0038,2023-04-01,1222600,Annual Increment
NP0038,2024-04-01,1340800,Annual Increment
NP0038,2025-04-01,1450000,Annual Increment
NP0039,2024-05-13,311300,Hire
NP0039,2025-04-01,342200,Annual Increment
NP0040,2018-03-23,436700,Hire
NP0040,2019-04-01,462900,Annual Increment
NP0040,2020-04-01,490700,Annual Increment
NP0040,2021-04-01,520100,Annual Increment
NP0040,2022-04-01,543800,Annual Increment
NP0040,2023-04-01,610400,Annual Increment
NP0041,2020-11-15,1243700,Hire
NP0041,2022-04-01,1311800,Annual Increment
NP0041,2023-04-01,1441500,Annual Increment
NP0041,2024-04-01,1561200,Annual Increment
NP0041,2025-04-01,1653100,Annual Increment
NP0042,2019-05-11,891900,Hire
NP0042,2020-04-01,945400,Annual Increment
NP0042,2021-04-01,1002100,Annual Increment
NP0042,2022-04-01,1055700,Annual Increment
NP0042,2023-04-01,1124500,Annual Increment
NP0042,2024-04-01,1136000,Annual Increment
NP0042,2025-04-01,1150000,Annual Increment
NP0043,2024-08-10,683000,Hire
NP0043,2025-04-01,714600,Annual Increment
NP0044,2023-12-28,587600,Hire
NP0045,2025-08-15,665900,Hire
NP0046,2023-07-09,364100,Hire
NP0046,2024-04-01,379400,Annual Increment
NP0046,2025-04-01,386800,Annual Increment
NP0047,2023-02-02,432900,Hire
NP0047,2024-04-01,457100,Annual Increment
NP0047,2025-04-01,512000,Promotion
NP0048,2024-08-19,895100,Hire
NP0048,2025-04-01,944200,Annual Increment
NP0049,2023-09-15,397600,Hire
NP0049,2024-04-01,417100,Annual Increment
NP0049,2025-04-01,500000,Promotion
NP0050,2025-06-02,1337700,Hire
NP0051,2023-08-20,391200,Hire
NP0051,2024-04-01,414500,Annual Increment
NP0051,2025-04-01,421500,Annual Increment
NP0052,2023-06-29,1154800,Hire
NP0052,2024-04-01,1172600,Annual Increment
NP0052,2025-04-01,1207500,Annual Increment
NP0053,2024-06-03,735700,Hire
NP0054,2024-08-20,352400,Hire
NP0054,2025-04-01,369200,Annual Increment
NP0055,2018-06-01,605100,Hire
NP0055,2019-04-01,641400,Annual Increment
NP0055,2020-04-01,679900,Annual Increment
NP0055,2021-04-01,720700,Annual Increment
NP0055,2022-04-01,762400,Annual Increment
NP0055,2023-04-01,900000,Promotion
NP0055,2024-04-01,1016400,Annual Increment
NP0055,2025-04-01,1109600,Annual Increment
NP0056,2021-12-09,1070600,Hire
NP0056,2023-04-01,1217800,Annual Increment
NP0056,2024-04-01,1380800,Annual Increment
NP0057,2022-08-29,667100,Hire
NP0057,2023-04-01,704400,Annual Increment
NP0057,2024-04-01,792100,Annual Increment
NP0057,2025-04-01,900000,Promotion
NP0058,2023-07-20,0,Hire
NP0058,2024-04-01,600600,Annual Increment
NP0058,2025-04-01,601800,Annual Increment
NP0059,2023-12-08,356600,Hire
NP0059,2025-04-01,380600,Annual Increment
NP0060,2023-11-11,1345700,Hire
NP0060,2025-04-01,1471300,Annual Increment
NP0061,2025-08-23,353300,Hire
NP0062,2017-07-05,558600,Hire
NP0062,2018-04-01,592100,Annual Increment
NP0062,2019-04-01,627600,Annual Increment
NP0062,2020-04-01,665300,Annual Increment
NP0062,2021-04-01,705200,Annual Increment
NP0062,2022-04-01,745200,Annual Increment
NP0062,2023-04-01,788700,Annual Increment
NP0062,2024-04-01,810200,Annual Increment
NP0063,2018-05-16,563100,Hire
NP0063,2019-04-01,596900,Annual Increment
NP0063,2020-04-01,632700,Annual Increment
NP0063,2021-04-01,670700,Annual Increment
NP0063,2022-04-01,701300,Annual Increment
NP0063,2023-04-01,740200,Annual Increment
NP0063,2024-04-01,784700,Annual Increment
NP0064,2024-08-10,1056100,Hire
NP0064,2025-04-01,1107200,Annual Increment
NP0065,2022-08-07,363300,Hire
NP0065,2023-04-01,383900,Annual Increment
NP0065,2024-04-01,430600,Annual Increment
NP0065,2025-04-01,500000,Promotion
NP0066,2023-08-10,559600,Hire
NP0066,2024-04-01,591000,Annual Increment
NP0066,2025-04-01,626400,Annual Increment
NP0067,2022-03-22,360000,Hire
NP0067,2023-04-01,393600,Annual Increment
NP0067,2024-04-01,500000,Promotion
NP0067,2025-04-01,547100,Annual Increment
NP0068,2017-12-03,500100,Hire
NP0068,2019-04-01,530100,Annual Increment
NP0068,2020-04-01,561900,Annual Increment
NP0068,2021-04-01,595600,Annual Increment
NP0068,2022-04-01,626100,Annual Increment
NP0068,2023-04-01,680900,Annual Increment
NP0068,2024-04-01,727500,Annual Increment
NP0068,2025-04-01,772600,Annual Increment
NP0069,2021-09-29,1372400,Hire
NP0069,2022-04-01,1443500,Annual Increment
NP0069,2023-04-01,1581900,Annual Increment
NP0069,2024-04-01,1680000,Annual Increment
NP0070,2025-06-22,1215000,Hire
NP0071,2019-10-06,592400,Hire
NP0071,2021-04-01,627900,Annual Increment
NP0071,2022-04-01,654500,Annual Increment
NP0071,2023-04-01,665800,Annual Increment
NP0071,2024-04-01,671200,Annual Increment
NP0071,2025-04-01,710000,Annual Increment
NP0072,2019-06-28,492800,Hire
NP0072,2020-04-01,522400,Annual Increment
NP0072,2021-04-01,553700,Annual Increment
NP0072,2022-04-01,584100,Annual Increment
NP0072,2023-04-01,599100,Annual Increment
NP0072,2024-04-01,612000,Annual Increment
NP0072,2025-04-01,654100,Annual Increment
NP0073,2017-09-15,1037500,Hire
NP0073,2018-04-01,1099800,Annual Increment
NP0073,2019-04-01,1165800,Annual Increment
NP0073,2020-04-01,1235700,Annual Increment
NP0073,2021-04-01,1309800,Annual Increment
NP0073,2022-04-01,1383500,Annual Increment
NP0073,2023-04-01,1470100,Annual Increment
NP0073,2024-04-01,1566500,Annual Increment
NP0073,2025-04-01,1680000,Annual Increment
NP0074,2017-01-31,547100,Hire
NP0074,2018-04-01,579900,Annual Increment
NP0074,2019-04-01,614700,Annual Increment
NP0074,2020-04-01,651600,Annual Increment
NP0074,2021-04-01,690700,Annual Increment
NP0074,2022-04-01,718700,Annual Increment
NP0074,2023-04-01,776500,Annual Increment
NP0074,2024-04-01,871200,Annual Increment
NP0074,2025-04-01,945000,Annual Increment
NP0075,2024-07-14,618700,Hire
NP0075,2025-04-01,652500,Annual Increment
NP0076,2017-09-16,509400,Hire
NP0076,2018-04-01,540000,Annual Increment
NP0076,2019-04-01,572400,Annual Increment
NP0076,2020-04-01,606700,Annual Increment
NP0076,2021-04-01,643100,Annual Increment
NP0076,2022-04-01,679700,Annual Increment
NP0076,2023-04-01,745200,Annual Increment
NP0076,2024-04-01,797000,Annual Increment
NP0076,2025-04-01,844000,Annual Increment
NP0077,2025-02-03,773600,Hire
NP0078,2022-07-06,1178100,Hire
NP0078,2023-04-01,1226400,Annual Increment
NP0078,2024-04-01,1249900,Annual Increment
NP0078,2025-04-01,1337200,Annual Increment
NP0079,2024-05-16,1086900,Hire
NP0079,2025-04-01,1223000,Annual Increment
NP0080,2020-02-23,1000600,Hire
NP0080,2021-04-01,1060600,Annual Increment
NP0080,2022-04-01,1119900,Annual Increment
NP0080,2023-04-01,1214200,Annual Increment
NP0080,2024-04-01,1330100,Annual Increment
NP0080,2025-04-01,1504300,Annual Increment
NP0081,2025-03-05,608800,Hire
NP0082,2017-11-19,1082900,Hire
NP0082,2019-04-01,1147900,Annual Increment
NP0082,2020-04-01,1216800,Annual Increment
NP0082,2021-04-01,1289800,Annual Increment
NP0082,2022-04-01,1349700,Annual Increment
NP0082,2023-04-01,1468500,Annual Increment
NP0082,2024-04-01,1596200,Annual Increment
NP0082,2025-04-01,1680000,Annual Increment
NP0083,2020-10-21,812800,Hire
NP0083,2022-04-01,859000,Annual Increment
NP0083,2023-04-01,933500,Annual Increment
NP0084,2023-04-17,508000,Hire
NP0084,2024-04-01,539700,Annual Increment
NP0084,2025-04-01,591900,Annual Increment
NP0085,2017-08-24,605400,Hire
NP0085,2018-04-01,641700,Annual Increment
NP0085,2019-04-01,680200,Annual Increment
NP0085,2020-04-01,721000,Annual Increment
NP0085,2021-04-01,764300,Annual Increment
NP0085,2022-04-01,798400,Annual Increment
NP0085,2023-04-01,808000,Annual Increment
NP0085,2024-04-01,858700,Annual Increment
NP0085,2025-04-01,910200,Annual Increment
NP0086,2022-06-06,804700,Hire
NP0086,2023-04-01,904300,Annual Increment
NP0086,2024-04-01,945000,Annual Increment
NP0087,2022-12-29,1292500,Hire
NP0087,2024-04-01,1326300,Annual Increment
NP0087,2025-04-01,1416400,Annual Increment
NP0088,2025-07-17,369500,Hire
NP0089,2020-05-01,576100,Hire
NP0089,2021-04-01,610700,Annual Increment
NP0089,2022-04-01,644300,Annual Increment
NP0089,2023-04-01,700000,Annual Increment
NP0089,2024-04-01,900000,Promotion
NP0089,2025-04-01,982500,Annual Increment
NP0090,2022-06-22,691000,Hire
NP0090,2023-04-01,710500,Annual Increment
NP0090,2024-04-01,754000,Annual Increment
NP0091,2025-07-16,572700,Hire
NP0092,2022-09-22,705200,Hire
NP0092,2023-04-01,744100,Annual Increment
NP0092,2024-04-01,839300,Annual Increment
NP0092,2025-04-01,943400,Annual Increment
NP0093,2019-01-12,332100,Hire
NP0093,2020-04-01,352000,Annual Increment
NP0093,2021-04-01,373100,Annual Increment
NP0093,2022-04-01,388700,Annual Increment
NP0093,2023-04-01,415000,Annual Increment
NP0094,2018-11-21,1239600,Hire
NP0094,2020-04-01,1314000,Annual Increment
NP0094,2021-04-01,1392800,Annual Increment
NP0094,2022-04-01,1459800,Annual Increment
NP0094,2023-04-01,1584300,Annual Increment
NP0094,2024-04-01,1680000,Annual Increment
NP0095,2018-08-07,889800,Hire
NP0095,2019-04-01,943200,Annual Increment
NP0095,2020-04-01,999800,Annual Increment
NP0095,2021-04-01,1059800,Annual Increment
NP0095,2022-04-01,1110600,Annual Increment
NP0095,2023-04-01,1142200,Annual Increment
NP0095,2024-04-01,1201700,Annual Increment
NP0095,2025-04-01,1236700,Annual Increment
NP0096,2018-05-28,386500,Hire
NP0096,2019-04-01,409700,Annual Increment
NP0096,2020-04-01,434300,Annual Increment
NP0096,2021-04-01,460400,Annual Increment
NP0096,2022-04-01,486300,Annual Increment
NP0096,2023-04-01,525000,Annual Increment
NP0097,2019-06-15,331200,Hire
NP0097,2020-04-01,351100,Annual Increment
NP0097,2021-04-01,372200,Annual Increment
NP0097,2022-04-01,387400,Annual Increment
NP0097,2023-04-01,439100,Annual Increment
NP0097,2024-04-01,478600,Annual Increment
NP0097,2025-04-01,525000,Annual Increment
NP0098,2022-10-27,410500,Hire
NP0098,2024-04-01,445200,Annual Increment
NP0098,2025-04-01,469400,Annual Increment
NP0099,2021-05-09,727600,Hire
NP0099,2022-04-01,756900,Annual Increment
NP0099,2023-04-01,817800,Annual Increment
NP0099,2024-04-01,896900,Annual Increment
NP0099,2025-04-01,945000,Annual Increment
NP0100,2023-05-08,874500,Hire
NP0100,2024-04-01,945000,Annual Increment
NP0101,2021-03-11,314400,Hire
NP0101,2022-04-01,330600,Annual Increment
NP0101,2023-04-01,362900,Annual Increment
NP0102,2022-05-10,636100,Hire
NP0103,2023-08-09,659200,Hire
NP0103,2024-04-01,698500,Annual Increment
NP0103,2025-04-01,715400,Annual Increment
NP0104,2023-07-01,1197600,Hire
NP0104,2024-04-01,1269000,Annual Increment
NP0104,2025-04-01,1352800,Annual Increment
NP0105,2019-06-29,471300,Hire
NP0105,2020-04-01,499600,Annual Increment
NP0105,2021-04-01,529600,Annual Increment
NP0105,2022-04-01,553600,Annual Increment
NP0105,2023-04-01,569100,Annual Increment
NP0105,2024-04-01,578400,Annual Increment
NP0105,2025-04-01,595300,Annual Increment
NP0106,2021-10-05,1369000,Hire
NP0106,2023-04-01,1386400,Annual Increment
NP0106,2024-04-01,1479600,Annual Increment
NP0106,2025-04-01,1582800,Annual Increment
NP0107,2017-06-07,452000,Hire
NP0107,2018-04-01,479100,Annual Increment
NP0107,2019-04-01,507800,Annual Increment
NP0107,2020-04-01,,Annual Increment
NP0107,2021-04-01,570600,Annual Increment
NP0107,2022-04-01,596200,Annual Increment
NP0107,2023-04-01,627500,Annual Increment
NP0107,2024-04-01,668700,Annual Increment
NP0107,2025-04-01,728600,Annual Increment
NP0108,2024-10-02,398000,Hire
NP0108,2025-04-01,416400,Annual Increment
NP0109,2020-12-24,1208300,Hire
NP0109,2022-04-01,1276100,Annual Increment
NP0109,2023-04-01,1444600,Annual Increment
NP0109,2024-04-01,1638800,Annual Increment
NP0109,2025-04-01,1680000,Annual Increment
NP0110,2021-12-16,370200,Hire
NP0110,2023-04-01,378000,Annual Increment
NP0110,2024-04-01,385300,Annual Increment
NP0110,2025-04-01,405000,Annual Increment
NP0111,2024-11-25,418500,Hire
NP0112,2024-11-28,1423300,Hire
NP0113,2020-07-02,1124100,Hire
NP0113,2021-04-01,1191500,Annual Increment
NP0113,2022-04-01,1253900,Annual Increment
NP0113,2023-04-01,1329100,Annual Increment
NP0113,2024-04-01,1500200,Annual Increment
NP0113,2025-04-01,1680000,Annual Increment
NP0114,2023-08-17,7511000,Hire
NP0114,2024-04-01,783700,Annual Increment
NP0114,2025-04-01,800300,Annual Increment
NP0115,2021-10-31,1105500,Hire
NP0115,2023-04-01,1195200,Annual Increment
NP0115,2024-04-01,1299100,Annual Increment
NP0115,2025-04-01,1386600,Annual Increment
NP0116,2024-05-06,409600,Hire
NP0117,2024-11-01,662300,Hire
NP0118,2024-04-05,639600,Hire
NP0119,2022-09-21,1367800,Hire
NP0119,2023-04-01,1426600,Annual Increment
NP0119,2024-04-01,1517400,Annual Increment
NP0119,2025-04-01,1595300,Annual Increment
NP0120,2024-11-21,379000,Hire
NP0121,2020-10-11,663000,Hire
NP0121,2022-04-01,699100,Annual Increment
NP0121,2023-04-01,719300,Annual Increment
NP0121,2024-04-01,722400,Annual Increment
NP0121,2025-04-01,725400,Annual Increment
NP0122,2025-06-23,576700,Hire
NP0123,2022-05-08,623200,Hire
NP0123,2023-04-01,641200,Annual Increment
NP0123,2024-04-01,650400,Annual Increment
NP0124,2023-06-26,786200,Hire
NP0124,2024-04-01,887700,Annual Increment
NP0124,2025-04-01,945000,Annual Increment
NP0125,2025-02-21,1163900,Hire
NP0126,2019-06-25,983900,Hire
NP0126,2020-04-01,1042900,Annual Increment
NP0126,2021-04-01,1105500,Annual Increment
NP0126,2022-04-01,1157000,Annual Increment
NP0126,2023-04-01,1309000,Annual Increment
NP0127,2022-04-18,357300,Hire
NP0127,2023-04-01,406400,Annual Increment
NP0127,2024-04-01,456300,Annual Increment
NP0127,2025-04-01,517300,Annual Increment
NP0128,2021-04-24,340900,Hire
NP0128,2022-04-01,356700,Annual Increment
NP0129,2023-08-16,1316700,Hire
NP0129,2024-04-01,1369500,Annual Increment
NP0129,2025-04-01,1399900,Annual Increment
NP0130,2021-02-06,752900,Hire
NP0130,2022-04-01,793700,Annual Increment
NP0131,2022-06-27,717000,Hire
NP0131,2023-04-01,808200,Annual Increment
NP0132,2018-04-29,342400,Hire
NP0132,2019-04-01,362900,Annual Increment
NP0132,2020-04-01,384700,Annual Increment
NP0132,2021-04-01,407800,Annual Increment
NP0132,2022-04-01,425100,Annual Increment
NP0132,2023-04-01,464300,Annual Increment
NP0132,2024-04-01,494300,Annual Increment
NP0132,2025-04-01,525000,Annual Increment
NP0133,2024-09-06,413300,Hire
NP0133,2025-04-01,434800,Annual Increment
NP0134,2024-01-11,394500,Hire
NP0134,2025-04-01,399900,Annual Increment
NP0135,2022-07-06,1081800,Hire
NP0135,2023-04-01,1129000,Annual Increment
NP0135,2024-04-01,1200100,Annual Increment
NP0135,2025-04-01,1272000,Annual Increment
NP0136,2022-04-03,528100,Hire
NP0137,2021-12-31,552400,Hire
NP0137,2023-04-01,900000,Promotion
NP0137,2024-04-01,973600,Annual Increment
NP0137,2025-04-01,1069900,Annual Increment
NP0138,2024-05-18,584300,Hire
NP0138,2025-04-01,620200,Annual Increment
NP0139,2017-07-26,474600,Hire
NP0139,2018-04-01,503100,Annual Increment
NP0139,2019-04-01,533300,Annual Increment
NP0139,2020-04-01,565300,Annual Increment
NP0139,2021-04-01,599200,Annual Increment
NP0139,2022-04-01,634500,Annual Increment
NP0140,2020-05-09,1203100,Hire
NP0140,2021-04-01,1275300,Annual Increment
NP0140,2022-04-01,1336200,Annual Increment
NP0140,2023-04-01,1413900,Annual Increment
NP0140,2024-04-01,1447700,Annual Increment
NP0140,2025-04-01,1466200,Annual Increment
NP0141,2024-05-24,536700,Hire
NP0141,2025-04-01,567200,Annual Increment
NP0142,2024-08-06,1255400,Hire
NP0142,2025-04-01,1308000,Annual Increment
NP0143,2023-01-26,433100,Hire
NP0143,2024-04-01,460900,Annual Increment
NP0143,2025-04-01,488600,Annual Increment
NP0144,2018-01-25,905000,Hire
NP0144,2019-04-01,959300,Annual Increment
NP0144,2020-04-01,1016900,Annual Increment
NP0144,2021-04-01,1077900,Annual Increment
NP0144,2022-04-01,1125000,Annual Increment
NP0144,2023-04-01,1224000,Annual Increment
NP0144,2024-04-01,1241800,Annual Increment
NP0144,2025-04-01,1328400,Annual Increment
NP0145,2019-11-17,1269600,Hire
NP0145,2021-04-01,1345800,Annual Increment
NP0145,2022-04-01,1416700,Annual Increment
NP0145,2023-04-01,1497200,Annual Increment
NP0145,2024-04-01,1594600,Annual Increment
NP0145,2025-04-01,1680000,Annual Increment
NP0146,2017-11-09,649200,Hire
NP0146,2019-04-01,688200,Annual Increment
NP0146,2020-04-01,729500,Annual Increment
NP0146,2021-04-01,773300,Annual Increment
NP0146,2022-04-01,804500,Annual Increment
NP0146,2023-04-01,884700,Annual Increment
NP0146,2024-04-01,990900,Promotion
NP0146,2025-04-01,1077600,Annual Increment
NP0147,2022-12-11,856600,Hire
NP0147,2024-04-01,959400,Promotion
NP0147,2025-04-01,1054600,Annual Increment
NP0148,2024-04-24,371500,Hire
NP0148,2025-04-01,394000,Annual Increment
NP0149,2022-01-14,692900,Hire
NP0149,2023-04-01,900000,Promotion
NP0149,2024-04-01,951900,Annual Increment
NP0149,2025-04-01,1000000,Annual Increment
NP0150,2018-01-29,933700,Hire
NP0150,2019-04-01,989700,Annual Increment
NP0150,2020-04-01,1049100,Annual Increment
NP0150,2021-04-01,1112000,Annual Increment
NP0150,2022-04-01,1176600,Annual Increment
NP0151,2025-08-31,1071300,Hire
NP0152,2013-12-17,1526700,Hire
NP0152,2015-04-01,1618300,Annual Increment
NP0152,2016-04-01,1715400,Annual Increment
NP0152,2017-04-01,1818300,Annual Increment
NP0152,2018-04-01,1927400,Annual Increment
NP0152,2019-04-01,2043000,Annual Increment
NP0152,2020-04-01,2165600,Annual Increment
NP0152,2021-04-01,2295500,Annual Increment
NP0152,2022-04-01,2413200,Annual Increment
NP0152,2023-04-01,2575300,Annual Increment
NP0152,2024-04-01,2753300,Annual Increment
NP0152,2025-04-01,2901300,Annual Increment
NP0153,2015-01-03,1265800,Hire
NP0153,2016-04-01,1341700,Annual Increment
NP0153,2017-04-01,1422200,Annual Increment
NP0153,2018-04-01,1507500,Annual Increment
NP0153,2019-04-01,1598000,Annual Increment
NP0153,2020-04-01,1693900,Annual Increment
NP0153,2021-04-01,1795500,Annual Increment
NP0153,2022-04-01,1889600,Annual Increment
NP0153,2023-04-01,2047600,Annual Increment
NP0153,2024-04-01,2100000,Annual Increment
NP0154,2015-11-11,1417800,Hire
NP0154,2017-04-01,1502900,Annual Increment
NP0154,2018-04-01,1593100,Annual Increment
NP0154,2019-04-01,1688700,Annual Increment
NP0154,2020-04-01,1790000,Annual Increment
NP0154,2021-04-01,1897400,Annual Increment
NP0154,2022-04-01,2006400,Annual Increment
NP0154,2023-04-01,2100000,Annual Increment
NP0155,2016-03-23,1082700,Hire
NP0155,2017-04-01,1147700,Annual Increment
NP0155,2018-04-01,1216600,Annual Increment
NP0155,2019-04-01,1289600,Annual Increment
NP0155,2020-04-01,1367000,Annual Increment
NP0155,2021-04-01,1449000,Annual Increment
NP0155,2022-04-01,1532800,Annual Increment
NP0155,2023-04-01,1631100,Annual Increment
NP0155,2024-04-01,1676100,Annual Increment
NP0155,2025-04-01,1765900,Annual Increment
NP0156,2015-08-28,903000,Hire
NP0156,2016-04-01,957200,Annual Increment
NP0156,2017-04-01,1014600,Annual Increment
NP0156,2018-04-01,1075500,Annual Increment
NP0156,2019-04-01,1140000,Annual Increment
NP0156,2020-04-01,1208400,Annual Increment
NP0156,2021-04-01,1280900,Annual Increment
NP0156,2022-04-01,1335900,Annual Increment
NP0156,2023-04-01,1371100,Annual Increment
NP0156,2025-04-01,1385900,Annual Increment
NP0157,2014-01-11,1030600,Hire
NP0157,2015-04-01,1092400,Annual Increment
NP0157,2016-04-01,1157900,Annual Increment
NP0157,2017-04-01,1227400,Annual Increment
NP0157,2018-04-01,1301000,Annual Increment
NP0157,2019-04-01,1379100,Annual Increment
NP0157,2020-04-01,1461800,Annual Increment
NP0157,2021-04-01,1549500,Annual Increment
NP0157,2022-04-01,1628100,Annual Increment
NP0157,2023-04-01,1740700,Annual Increment
NP0157,2024-04-01,1912700,Annual Increment
NP0157,2025-04-01,2096600,Annual Increment
NP0158,2015-10-27,1235000,Hire
NP0158,2017-04-01,1309100,Annual Increment
NP0158,2018-04-01,1387600,Annual Increment
NP0158,2019-04-01,1470900,Annual Increment
NP0158,2020-04-01,1559200,Annual Increment
NP0158,2021-04-01,1652800,Annual Increment
NP0158,2022-04-01,1729200,Annual Increment
NP0158,2023-04-01,1877600,Annual Increment
NP0158,2024-04-01,1909500,Annual Increment
NP0158,2025-04-01,2069200,Annual Increment
NP0159,2016-02-19,1029600,Hire
NP0159,2017-04-01,1091400,Annual Increment
NP0159,2018-04-01,1156900,Annual Increment
NP0159,2019-04-01,1226300,Annual Increment
NP0159,2020-04-01,1299900,Annual Increment
NP0159,2021-04-01,1377900,Annual Increment
NP0159,2022-04-01,1447300,Annual Increment
NP0159,2023-04-01,1589100,Annual Increment
NP0159,2024-04-01,1732000,Annual Increment
NP0159,2025-04-01,1839500,Annual Increment
NP0160,2016-10-12,1200300,Hire
NP0160,2018-04-01,1272300,Annual Increment
NP0160,2019-04-01,1348600,Annual Increment
NP0160,2020-04-01,1429500,Annual Increment
NP0160,2021-04-01,1515300,Annual Increment
NP0160,2022-04-01,1606100,Annual Increment
NP0160,2023-04-01,1764100,Annual Increment
NP0160,2024-04-01,1938300,Annual Increment
NP0160,2025-04-01,2100000,Annual Increment
NP0161,2021-07-29,932500,Hire
NP0161,2022-04-01,980000,Annual Increment
NP0161,2023-04-01,1036600,Annual Increment
NP0161,2024-04-01,1097700,Annual Increment
NP0161,2025-04-01,1111200,Annual Increment
NP0162,2017-08-22,607800,Hire
NP0162,2018-04-01,644300,Annual Increment
NP0162,2019-04-01,683000,Annual Increment
NP0162,2020-04-01,724000,Annual Increment
NP0162,2021-04-01,767400,Annual Increment
NP0162,2022-04-01,806600,Annual Increment
NP0162,2023-04-01,908900,Annual Increment
NP0162,2024-04-01,1024600,Annual Increment
NP0162,2025-04-01,1152500,Annual Increment
NP0163,2025-10-10,568800,Hire
NP0164,2024-01-07,591200,Hire
NP0164,2025-04-01,664400,Annual Increment
NP0165,2018-06-14,500500,Hire
NP0165,2019-04-01,530500,Annual Increment
NP0165,2020-04-01,562300,Annual Increment
NP0165,2021-04-01,596000,Annual Increment
NP0165,2022-04-01,624700,Annual Increment
NP0165,2023-04-01,711100,Annual Increment
NP0165,2024-04-01,735000,Annual Increment
NP0166,2021-05-26,467100,Hire
NP0166,2022-04-01,493600,Annual Increment
NP0166,2023-04-01,523400,Annual Increment
NP0166,2024-04-01,552900,Annual Increment
NP0166,2025-04-01,586900,Annual Increment
NP0167,2023-11-09,445200,Hire
NP0168,2021-03-21,980800,Hire
NP0168,2022-04-01,1030700,Annual Increment
NP0168,2023-04-01,1045100,Annual Increment
NP0168,2024-04-01,1104100,Annual Increment
NP0168,2025-04-01,1169200,Annual Increment
NP0169,2019-03-07,903200,Hire
NP0169,2020-04-01,957400,Annual Increment
NP0169,2021-04-01,1014800,Annual Increment
NP0169,2022-04-01,1059400,Annual Increment
NP0169,2023-04-01,1164200,Annual Increment
NP0169,2024-04-01,1260000,Annual Increment
NP0170,2020-11-21,436600,Hire
NP0170,2022-04-01,457900,Annual Increment
NP0171,2022-10-15,324500,Hire
NP0171,2024-04-01,340900,Annual Increment
NP0172,2021-04-08,564200,Hire
NP0172,2022-04-01,587900,Annual Increment
NP0172,2023-04-01,642100,Annual Increment
NP0172,2024-04-01,731900,Annual Increment
NP0172,2025-04-01,735000,Annual Increment
NP0173,2024-01-22,607700,Hire
NP0173,2025-04-01,662700,Annual Increment
NP0174,2023-05-01,303200,Hire
NP0174,2024-04-01,327700,Annual Increment
NP0174,2025-04-01,355900,Annual Increment
NP0175,2022-12-11,377300,Hire
NP0175,2024-04-01,414300,Annual Increment
NP0175,2025-04-01,420000,Annual Increment
NP0176,2017-10-27,779900,Hire
NP0176,2019-04-01,826700,Annual Increment
NP0176,2020-04-01,876300,Annual Increment
NP0176,2021-04-01,928900,Annual Increment
NP0176,2022-04-01,979800,Annual Increment
NP0177,2019-11-22,762300,Hire
NP0177,2021-04-01,808000,Annual Increment
NP0177,2022-04-01,849000,Annual Increment
NP0177,2023-04-01,917700,Annual Increment
NP0177,2024-04-01,996700,Annual Increment
NP0177,2025-04-01,1050300,Annual Increment
NP0178,2019-05-30,809000,Hire
NP0178,2020-04-01,857500,Annual Increment
NP0178,2021-04-01,909000,Annual Increment
NP0178,2022-04-01,962900,Annual Increment
NP0178,2024-04-01,1026900,Annual Increment
NP0178,2025-04-01,1096200,Annual Increment
NP0179,2021-05-25,999600,Hire
NP0179,2022-04-01,1054300,Annual Increment
NP0179,2023-04-01,1191900,Annual Increment
NP0179,2024-04-01,1260000,Annual Increment
NP0180,2020-09-02,461500,Hire
NP0180,2021-04-01,489200,Annual Increment
NP0180,2022-04-01,515600,Annual Increment
NP0180,2023-04-01,557900,Annual Increment
NP0180,2024-04-01,612500,Annual Increment
NP0180,2025-04-01,662400,Annual Increment
NP0181,2019-09-04,312300,Hire
NP0181,2020-04-01,331000,Annual Increment
NP0181,2021-04-01,350900,Annual Increment
NP0181,2022-04-01,366400,Annual Increment
NP0181,2023-04-01,389400,Annual Increment
NP0181,2024-04-01,436100,Promotion
NP0181,2025-04-01,459700,Annual Increment
NP0182,2019-01-23,804200,Hire
NP0182,2020-04-01,852500,Annual Increment
NP0182,2021-04-01,903600,Annual Increment
NP0182,2022-04-01,952200,Annual Increment
NP0182,2023-04-01,1046000,Annual Increment
NP0182,2024-04-01,1129800,Annual Increment
NP0183,2019-04-24,813300,Hire
NP0183,2020-04-01,862100,Annual Increment
NP0183,2021-04-01,913800,Annual Increment
NP0183,2022-04-01,954700,Annual Increment
NP0183,2023-04-01,1046600,Annual Increment
NP0183,2024-04-01,1147700,Annual Increment
NP0183,2025-04-01,1227700,Annual Increment
NP0184,2025-05-13,466900,Hire
NP0185,2024-10-10,626900,Hire
NP0186,2022-02-04,529700,Hire
NP0186,2023-04-01,564900,Annual Increment
NP0186,2024-04-01,602600,Annual Increment
NP0186,2025-04-01,610300,Annual Increment
NP0187,2025-06-15,306700,Hire
NP0188,2022-04-29,328500,Hire
NP0188,2023-04-01,356400,Annual Increment
NP0188,2024-04-01,380500,Annual Increment
NP0188,2025-04-01,388600,Annual Increment
NP0189,2019-02-01,385600,Hire
NP0189,2020-04-01,408700,Annual Increment
NP0189,2021-04-01,433200,Annual Increment
NP0189,2022-04-01,458000,Annual Increment
NP0189,2023-04-01,496500,Annual Increment
NP0189,2024-04-01,528600,Annual Increment
NP0190,2025-03-06,329200,Hire
NP0191,2024-02-24,915300,Hire
NP0191,2025-04-01,993500,Annual Increment
NP0192,2023-01-03,370400,Hire
NP0192,2024-04-01,392000,Annual Increment
NP0192,2025-04-01,413800,Annual Increment
NP0193,2025-06-29,256600,Hire
NP0194,2022-01-03,514700,Hire
NP0195,2018-04-20,"7,47,600",Hire
NP0195,2019-04-01,792500,Annual Increment
NP0195,2020-04-01,840000,Annual Increment
NP0195,2021-04-01,890400,Annual Increment
NP0195,2022-04-01,942100,Annual Increment
NP0195,2023-04-01,1004600,Annual Increment
NP0195,2024-04-01,1064600,Annual Increment
NP0196,2021-10-09,519100,Hire
NP0196,2023-04-01,551600,Annual Increment
NP0196,2024-04-01,586900,Annual Increment
NP0196,2025-04-01,624000,Annual Increment
NP0197,2019-08-13,396900,Hire
NP0197,2020-04-01,420700,Annual Increment
NP0197,2021-04-01,445900,Annual Increment
NP0197,2022-04-01,465700,Annual Increment
NP0197,2023-04-01,471400,Annual Increment
NP0197,2024-04-01,480700,Annual Increment
NP0197,2025-04-01,488700,Annual Increment
NP0198,2022-10-31,323200,Hire
NP0198,2024-04-01,350700,Annual Increment
NP0198,2025-04-01,399300,Annual Increment
NP0199,2022-07-13,640500,Hire
NP0199,2023-04-01,671200,Annual Increment
NP0199,2024-04-01,708600,Annual Increment
NP0199,2025-04-01,735000,Annual Increment
NP0200,2023-02-09,821300,Hire
NP0200,2024-04-01,864300,Annual Increment
NP0200,2025-04-01,947700,Annual Increment
NP0201,2020-10-31,584600,Hire
NP0201,2022-04-01,618300,Annual Increment
NP0201,2023-04-01,656100,Annual Increment
NP0202,2017-10-09,472400,Hire
NP0202,2019-04-01,500700,Annual Increment
NP0202,2020-04-01,530700,Annual Increment
NP0202,2021-04-01,562500,Annual Increment
NP0202,2022-04-01,590600,Annual Increment
NP0202,2023-04-01,631900,Annual Increment
NP0202,2024-04-01,664900,Annual Increment
NP0202,2025-04-01,729200,Annual Increment
NP0203,2018-01-04,275300,Hire
NP0203,2019-04-01,291800,Annual Increment
NP0203,2020-04-01,309300,Annual Increment
NP0203,2021-04-01,327900,Annual Increment
NP0203,2022-04-01,342200,Annual Increment
NP0203,2023-04-01,364800,Annual Increment
NP0203,2024-04-01,408600,Promotion
NP0203,2025-04-01,461200,Annual Increment
NP0204,2022-04-25,428900,Hire
NP0204,2023-04-01,464400,Annual Increment
NP0205,2025-03-08,468300,Hire
NP0206,2017-09-25,327700,Hire
NP0206,2018-04-01,347400,Annual Increment
NP0206,2019-04-01,368200,Annual Increment
NP0206,2020-04-01,390300,Annual Increment
NP0206,2021-04-01,413700,Annual Increment
NP0206,2022-04-01,435200,Annual Increment
NP0206,2023-04-01,700000,Promotion
NP0206,2024-04-01,769100,Annual Increment
NP0206,2025-04-01,842400,Annual Increment
NP0207,2024-02-05,535700,Hire
NP0207,2025-04-01,700000,Promotion
NP0208,2025-06-10,527600,Hire
NP0209,2023-01-08,475200,Hire
NP0209,2024-04-01,502000,Annual Increment
NP0209,2025-04-01,536600,Annual Increment
NP0210,2023-11-19,664800,Hire
NP0210,2025-04-01,730600,Annual Increment
NP0211,2021-12-11,487700,Hire
NP0211,2023-04-01,496000,Annual Increment
NP0211,2024-04-01,507300,Annual Increment
NP0211,2025-04-01,534200,Annual Increment
NP0212,2022-07-10,296200,Hire
NP0212,2023-04-01,309800,Annual Increment
NP0212,2024-04-01,314000,Annual Increment
NP0212,2025-04-01,333800,Annual Increment
NP0213,2018-07-31,374200,Hire
NP0213,2019-04-01,396700,Annual Increment
NP0213,2020-04-01,420500,Annual Increment
NP0213,2021-04-01,445700,Annual Increment
NP0213,2022-04-01,467400,Annual Increment
NP0213,2023-04-01,505400,Annual Increment
NP0213,2024-04-01,0,Annual Increment
NP0213,2025-04-01,601900,Annual Increment
NP0214,2022-06-17,508100,Hire
NP0214,2023-04-01,543300,Annual Increment
NP0214,2024-04-01,700000,Promotion
NP0214,2025-04-01,744600,Annual Increment
NP0215,2019-06-20,431600,Hire
NP0215,2020-04-01,457500,Annual Increment
NP0215,2021-04-01,485000,Annual Increment
NP0215,2022-04-01,508400,Annual Increment
NP0215,2023-04-01,540100,Annual Increment
NP0215,2024-04-01,577200,Annual Increment
NP0215,2025-04-01,625000,Annual Increment
NP0216,2024-08-30,528100,Hire
NP0216,2025-04-01,550300,Annual Increment
NP0217,2017-12-09,726000,Hire
NP0217,2019-04-01,769600,Annual Increment
NP0217,2020-04-01,815800,Annual Increment
NP0217,2021-04-01,864700,Annual Increment
NP0217,2022-04-01,903300,Annual Increment
NP0217,2023-04-01,982500,Annual Increment
NP0217,2024-04-01,1072200,Annual Increment
NP0217,2025-04-01,1175400,Annual Increment
NP0218,2025-02-04,337200,Hire
NP0219,2022-08-05,583000,Hire
NP0219,2023-04-01,615300,Annual Increment
NP0219,2024-04-01,6488000,Annual Increment
NP0219,2025-04-01,688600,Annual Increment
NP0220,2019-03-22,745400,Hire
NP0220,2020-04-01,790100,Annual Increment
NP0220,2021-04-01,837500,Annual Increment
NP0220,2022-04-01,872200,Annual Increment
NP0220,2023-04-01,953300,Annual Increment
NP0220,2024-04-01,1046900,Annual Increment
NP0220,2025-04-01,1150300,Annual Increment
NP0221,2024-06-26,484000,Hire
NP0221,2025-04-01,485400,Annual Increment
NP0222,2020-12-24,484400,Hire
NP0222,2022-04-01,506500,Annual Increment
NP0222,2023-04-01,551600,Annual Increment
NP0223,2024-10-31,502300,Hire
NP0224,2017-02-26,372200,Hire
NP0224,2018-04-01,394500,Annual Increment
NP0224,2019-04-01,418200,Annual Increment
NP0224,2020-04-01,443300,Annual Increment
NP0224,2021-04-01,469900,Annual Increment
NP0224,2022-04-01,495700,Annual Increment
NP0224,2023-04-01,526600,Annual Increment
NP0224,2024-04-01,600200,Annual Increment
NP0224,2025-04-01,659300,Annual Increment
NP0225,2024-08-28,922700,Hire
NP0225,2025-04-01,962400,Annual Increment
NP0226,2024-03-24,573700,Hire
NP0226,2025-04-01,583600,Annual Increment
NP0227,2023-07-22,315700,Hire
NP0227,2024-04-01,329200,Annual Increment
NP0227,2025-04-01,356700,Annual Increment
NP0228,2019-05-08,471100,Hire
NP0228,2020-04-01,499400,Annual Increment
NP0228,2021-04-01,529400,Annual Increment
NP0228,2022-04-01,560800,Annual Increment
NP0228,2023-04-01,576300,Annual Increment
NP0228,2024-04-01,582300,Annual Increment
NP0228,2025-04-01,589800,Annual Increment
NP0229,2022-12-15,1112100,Hire
NP0229,2024-04-01,1211300,Annual Increment
NP0229,2025-04-01,1260000,Annual Increment
NP0230,2024-02-01,354200,Hire
NP0230,2025-04-01,359300,Annual Increment
NP0231,2018-09-04,459600,Hire
NP0231,2019-04-01,487200,Annual Increment
NP0231,2020-04-01,516400,Annual Increment
NP0231,2021-04-01,547400,Annual Increment
NP0231,2022-04-01,573700,Annual Increment
NP0231,2023-04-01,646600,Annual Increment
NP0231,2024-04-01,729600,Annual Increment
NP0231,2025-04-01,735000,Annual Increment
NP0232,2017-04-29,269800,Hire
NP0232,2018-04-01,286000,Annual Increment
NP0232,2019-04-01,303200,Annual Increment
NP0232,2020-04-01,321400,Annual Increment
NP0232,2021-04-01,340700,Annual Increment
NP0232,2022-04-01,357400,Annual Increment
NP0232,2023-04-01,363600,Annual Increment
NP0232,2024-04-01,370100,Annual Increment
NP0233,2024-02-25,310400,Hire
NP0233,2025-04-01,400000,Promotion
NP0234,2022-12-09,315200,Hire
NP0234,2024-04-01,400000,Promotion
NP0234,2025-04-01,700000,Promotion
NP0235,2022-12-04,796000,Hire
NP0235,2024-04-01,873600,Annual Increment
NP0235,2025-04-01,928800,Annual Increment
NP0236,2022-04-10,549100,Hire
NP0236,2023-04-01,550400,Annual Increment
NP0236,2024-04-01,550900,Annual Increment
NP0237,2025-07-14,290500,Hire
NP0238,2020-12-11,406000,Hire
NP0238,2022-04-01,427500,Annual Increment
NP0238,2023-04-01,450100,Annual Increment
NP0238,2024-04-01,700000,Promotion
NP0238,2025-04-01,744100,Annual Increment
NP0239,2019-11-14,308200,Hire
NP0239,2021-04-01,326700,Annual Increment
NP0239,2022-04-01,341700,Annual Increment
NP0239,2023-04-01,374300,Annual Increment
NP0239,2024-04-01,378400,Annual Increment
NP0239,2025-04-01,423800,Promotion
NP0240,2022-01-20,958000,Hire
NP0240,2023-04-01,1045200,Annual Increment
NP0240,2024-04-01,1100700,Annual Increment
NP0240,2025-04-01,1164200,Annual Increment
NP0241,2022-12-08,281700,Hire
NP0241,2024-04-01,296800,Annual Increment
NP0241,2025-04-01,303900,Annual Increment
NP0242,2022-09-25,471100,Hire
NP0242,2023-04-01,493600,Annual Increment
NP0243,2025-10-03,1035300,Hire
NP0244,2022-12-05,289400,Hire
NP0245,2021-10-21,492500,Hire
NP0245,2023-04-01,519800,Annual Increment
NP0245,2024-04-01,551600,Annual Increment
NP0246,2025-09-02,494700,Hire
NP0247,2020-09-11,429300,Hire
NP0247,2021-04-01,455100,Annual Increment
NP0247,2022-04-01,474700,Annual Increment
NP0247,2023-04-01,486900,Annual Increment
NP0247,2025-04-01,500200,Annual Increment
NP0248,2023-01-20,259100,Hire
NP0248,2024-04-01,276900,Annual Increment
NP0248,2025-04-01,295900,Annual Increment
NP0249,2025-09-10,532900,Hire
NP0250,2023-10-22,534300,Hire
NP0250,2025-04-01,568900,Annual Increment
NP0251,2024-11-15,358400,Hire
NP0252,2012-10-22,1570600,Hire
NP0252,2014-04-01,1664800,Annual Increment
NP0252,2015-04-01,1764700,Annual Increment
NP0252,2016-04-01,1870600,Annual Increment
NP0252,2017-04-01,1982800,Annual Increment
NP0252,2018-04-01,2101800,Annual Increment
NP0252,2019-04-01,2227900,Annual Increment
NP0252,2020-04-01,2361600,Annual Increment
NP0252,2021-04-01,2503300,Annual Increment
NP0252,2022-04-01,2647300,Annual Increment
NP0252,2023-04-01,2894900,Annual Increment
NP0252,2024-04-01,3287900,Annual Increment
NP0252,2025-04-01,3360000,Annual Increment
NP0253,2016-05-15,1165700,Hire
NP0253,2017-04-01,1235600,Annual Increment
NP0253,2018-04-01,1309700,Annual Increment
NP0253,2019-04-01,1388300,Annual Increment
NP0253,2020-04-01,1471600,Annual Increment
NP0253,2021-04-01,1559900,Annual Increment
NP0253,2022-04-01,1622600,Annual Increment
NP0253,2023-04-01,1780400,Annual Increment
NP0253,2024-04-01,1924700,Annual Increment
NP0253,2025-04-01,2100000,Annual Increment
NP0254,2015-08-28,952300,Hire
NP0254,2016-04-01,1009400,Annual Increment
NP0254,2017-04-01,1070000,Annual Increment
NP0254,2018-04-01,1134200,Annual Increment
NP0254,2019-04-01,1202300,Annual Increment
NP0254,2020-04-01,1274400,Annual Increment
NP0254,2021-04-01,1350900,Annual Increment
NP0254,2022-04-01,1413400,Annual Increment
NP0254,2023-04-01,1509600,Annual Increment
NP0254,2024-04-01,1591200,Annual Increment
NP0254,2025-04-01,1723300,Annual Increment
NP0255,2015-05-02,1014500,Hire
NP0255,2016-04-01,1075400,Annual Increment
NP0255,2017-04-01,1139900,Annual Increment
NP0255,2018-04-01,1208300,Annual Increment
NP0255,2019-04-01,1280800,Annual Increment
NP0255,2020-04-01,1357600,Annual Increment
NP0255,2021-04-01,1439100,Annual Increment
NP0255,2022-04-01,1502800,Annual Increment
NP0255,2023-04-01,1603200,Annual Increment
NP0255,2025-04-01,1712500,Annual Increment
NP0256,2024-06-26,864700,Hire
NP0256,2025-04-01,866100,Annual Increment
NP0257,2017-12-22,701000,Hire
NP0257,2019-04-01,743100,Annual Increment
NP0257,2020-04-01,787700,Annual Increment
NP0257,2021-04-01,835000,Annual Increment
NP0257,2022-04-01,882200,Annual Increment
NP0257,2023-04-01,961200,Annual Increment
NP0257,2024-04-01,1051600,Annual Increment
NP0257,2025-04-01,1141800,Annual Increment
NP0258,2020-07-04,758000,Hire
NP0258,2021-04-01,803500,Annual Increment
NP0258,2022-04-01,837300,Annual Increment
NP0258,2023-04-01,947200,Annual Increment
NP0258,2024-04-01,1011600,Annual Increment
NP0258,2025-04-01,1095600,Annual Increment
NP0259,2020-01-18,514900,Hire
NP0259,2021-04-01,545800,Annual Increment
NP0259,2022-04-01,572200,Annual Increment
NP0259,2023-04-01,607900,Annual Increment
NP0259,2024-04-01,645000,Annual Increment
NP0259,2025-04-01,664100,Annual Increment
NP0260,2022-03-23,475400,Hire
NP0260,2023-04-01,522000,Annual Increment
NP0260,2024-04-01,570700,Annual Increment
NP0260,2025-04-01,700000,Promotion
NP0261,2017-03-31,481900,Hire
NP0261,2018-04-01,510800,Annual Increment
NP0261,2019-04-01,541400,Annual Increment
NP0261,2020-04-01,573900,Annual Increment
NP0261,2021-04-01,608300,Annual Increment
NP0261,2022-04-01,638000,Annual Increment
NP0261,2023-04-01,716300,Annual Increment
NP0261,2024-04-01,735000,Annual Increment
NP0261,2025-04-01,823200,Promotion
NP0262,2023-02-26,457800,Hire
NP0262,2024-04-01,700000,Promotion
NP0262,2025-04-01,744600,Annual Increment
NP0263,2019-07-13,849600,Hire
NP0263,2020-04-01,900600,Annual Increment
NP0263,2021-04-01,954600,Annual Increment
NP0263,2022-04-01,1008400,Annual Increment
NP0263,2023-04-01,1148200,Annual Increment
NP0263,2024-04-01,1260000,Annual Increment
NP0264,2020-11-05,454700,Hire
NP0265,2020-07-22,453500,Hire
NP0265,2021-04-01,480700,Annual Increment
NP0265,2022-04-01,508500,Annual Increment
NP0265,2023-04-01,523200,Annual Increment
NP0266,2024-11-15,266800,Hire
NP0267,2025-01-30,352700,Hire
NP0268,2020-09-12,416600,Hire
NP0268,2021-04-01,441600,Annual Increment
NP0268,2022-04-01,464300,Annual Increment
NP0268,2023-04-01,496700,Annual Increment
NP0268,2024-04-01,537100,Annual Increment
NP0268,2025-04-01,567200,Annual Increment
NP0269,2020-10-23,925500,Hire
NP0269,2022-04-01,969800,Annual Increment
NP0269,2023-04-01,982400,Annual Increment
NP0269,2024-04-01,1051000,Annual Increment
NP0269,2025-04-01,1151700,Annual Increment
NP0270,2017-02-08,666600,Hire
NP0270,2018-04-01,706600,Annual Increment
NP0270,2019-04-01,749000,Annual Increment
NP0270,2020-04-01,793900,Annual Increment
NP0270,2021-04-01,841500,Annual Increment
NP0270,2022-04-01,886400,Annual Increment
NP0270,2023-04-01,947800,Annual Increment
NP0270,2024-04-01,1001300,Annual Increment
NP0270,2025-04-01,1065600,Annual Increment
NP0271,2025-04-22,541500,Hire
NP0272,2021-02-08,475300,Hire
NP0272,2022-04-01,503300,Annual Increment
NP0272,2023-04-01,700000,Promotion
NP0272,2024-04-01,764400,Annual Increment
NP0272,2025-04-01,837800,Annual Increment
NP0273,2022-04-06,291900,Hire
NP0273,2023-04-01,294900,Annual Increment
NP0273,2024-04-01,312100,Annual Increment
NP0273,2025-04-01,333000,Annual Increment
NP0274,2023-04-02,406000,Hire
NP0274,2024-04-01,700000,Promotion
NP0274,2025-04-01,738900,Annual Increment
NP0275,2017-11-19,478800,Hire
NP0275,2019-04-01,507500,Annual Increment
NP0275,2020-04-01,538000,Annual Increment
NP0275,2021-04-01,570300,Annual Increment
NP0275,2022-04-01,599000,Annual Increment
NP0275,2023-04-01,634800,Annual Increment
NP0275,2024-04-01,667200,Annual Increment
NP0275,2025-04-01,704700,Annual Increment
NP0276,2022-11-26,283900,Hire
NP0276,2024-04-01,289200,Annual Increment
NP0276,2025-04-01,400000,Promotion
NP0277,2017-06-25,399000,Hire
NP0277,2018-04-01,422900,Annual Increment
NP0277,2019-04-01,448300,Annual Increment
NP0277,2020-04-01,475200,Annual Increment
NP0277,2021-04-01,503700,Annual Increment
NP0277,2022-04-01,531400,Annual Increment
NP0277,2023-04-01,541600,Annual Increment
NP0277,2024-04-01,553000,Annual Increment
NP0278,2019-03-01,454500,Hire
NP0278,2020-04-01,481800,Annual Increment
NP0278,2021-04-01,510700,Annual Increment
NP0278,2022-04-01,532500,Annual Increment
NP0278,2023-04-01,565800,Annual Increment
NP0278,2024-04-01,571700,Annual Increment
NP0278,2025-04-01,587800,Annual Increment
NP0279,2025-10-21,547300,Hire
NP0280,2018-06-06,361000,Hire
NP0280,2019-04-01,382700,Annual Increment
NP0280,2020-04-01,405700,Annual Increment
NP0280,2021-04-01,430000,Annual Increment
NP0280,2022-04-01,450500,Annual Increment
NP0280,2023-04-01,700000,Promotion
NP0280,2024-04-01,765400,Annual Increment
NP0280,2025-04-01,783700,Annual Increment
NP0281,2023-10-09,496800,Hire
NP0282,2024-01-29,545000,Hire
NP0282,2025-04-01,559200,Annual Increment
NP0283,2023-11-25,902800,Hire
NP0283,2025-04-01,963400,Annual Increment
NP0284,2019-04-01,736600,Hire
NP0284,2020-04-01,780800,Annual Increment
NP0284,2021-04-01,827600,Annual Increment
NP0284,2022-04-01,873700,Annual Increment
NP0284,2023-04-01,924500,Annual Increment
NP0284,2024-04-01,977100,Annual Increment
NP0284,2025-04-01,1073700,Annual Increment
NP0285,2024-11-11,427900,Hire
NP0286,2020-12-12,303100,Hire
NP0286,2022-04-01,319600,Annual Increment
NP0286,2024-04-01,322200,Annual Increment
NP0287,2023-06-19,344300,Hire
NP0287,2024-04-01,390200,Annual Increment
NP0287,2025-04-01,420000,Annual Increment
NP0288,2024-07-28,535800,Hire
NP0288,2025-04-01,558400,Annual Increment
NP0289,2020-01-03,275400,Hire
NP0289,2021-04-01,291900,Annual Increment
NP0289,2022-04-01,308300,Annual Increment
NP0289,2023-04-01,324400,Annual Increment
NP0289,2024-04-01,343000,Annual Increment
NP0289,2025-04-01,365600,Annual Increment
NP0290,2021-02-18,611000,Hire
NP0290,2022-04-01,645000,Annual Increment
NP0290,2023-04-01,677400,Annual Increment
NP0290,2024-04-01,758700,Promotion
NP0290,2025-04-01,808900,Annual Increment
NP0291,2024-10-05,438600,Hire
NP0292,2011-09-20,1152300,Hire
NP0292,2012-04-01,1221400,Annual Increment
NP0292,2013-04-01,1294700,Annual Increment
NP0292,2014-04-01,1372400,Annual Increment
NP0292,2015-04-01,1454700,Annual Increment
NP0292,2016-04-01,1542000,Annual Increment
NP0292,2017-04-01,1634500,Annual Increment
NP0292,2018-04-01,1732600,Annual Increment
NP0292,2019-04-01,1836600,Annual Increment
NP0292,2020-04-01,1946800,Annual Increment
NP0292,2021-04-01,2063600,Annual Increment
NP0292,2022-04-01,2182100,Annual Increment
NP0292,2023-04-01,2470900,Annual Increment
NP0292,2024-04-01,2775100,Annual Increment
NP0292,2025-04-01,3031900,Annual Increment
NP0293,2016-11-27,1174900,Hire
NP0293,2018-04-01,1245400,Annual Increment
NP0293,2019-04-01,1320100,Annual Increment
NP0293,2020-04-01,1399300,Annual Increment
NP0293,2021-04-01,1483300,Annual Increment
NP0293,2022-04-01,1568500,Annual Increment
NP0293,2023-04-01,1661400,Annual Increment
NP0293,2024-04-01,1773500,Annual Increment
NP0293,2025-04-01,1890100,Annual Increment
NP0294,2015-12-04,1288600,Hire
NP0294,2017-04-01,1365900,Annual Increment
NP0294,2018-04-01,1447900,Annual Increment
NP0294,2019-04-01,1534800,Annual Increment
NP0294,2020-04-01,1626900,Annual Increment
NP0294,2021-04-01,1724500,Annual Increment
NP0294,2022-04-01,1797100,Annual Increment
NP0294,2023-04-01,1945300,Annual Increment
NP0294,2024-04-01,1995000,Annual Increment
NP0295,2018-07-07,672800,Hire
NP0295,2019-04-01,713200,Annual Increment
NP0295,2020-04-01,756000,Annual Increment
NP0295,2021-04-01,801400,Annual Increment
NP0295,2022-04-01,845400,Annual Increment
NP0295,2023-04-01,889000,Annual Increment
NP0295,2024-04-01,935100,Annual Increment
NP0295,2025-04-01,999600,Annual Increment
NP0296,2022-04-08,454700,Hire
NP0296,2023-04-01,477500,Annual Increment
NP0296,2024-04-01,517900,Annual Increment
NP0296,2025-04-01,650000,Promotion
NP0297,2019-04-24,456700,Hire
NP0297,2020-04-01,484100,Annual Increment
NP0297,2021-04-01,513100,Annual Increment
NP0297,2022-04-01,534400,Annual Increment
NP0297,2023-04-01,534700,Annual Increment
NP0297,2024-04-01,542200,Annual Increment
NP0297,2025-04-01,554200,Annual Increment
NP0298,2023-11-22,487900,Hire
NP0298,2025-04-01,650000,Promotion
NP0299,2021-11-03,809400,Hire
NP0299,2023-04-01,854500,Annual Increment
NP0299,2024-04-01,874600,Annual Increment
NP0299,2025-04-01,898500,Annual Increment
NP0300,2019-03-25,395600,Hire
NP0300,2020-04-01,419300,Annual Increment
NP0300,2021-04-01,444500,Annual Increment
NP0300,2022-04-01,462800,Annual Increment
NP0301,2019-01-01,698600,Hire
NP0301,2020-04-01,740500,Annual Increment
NP0301,2021-04-01,784900,Annual Increment
NP0301,2022-04-01,819200,Annual Increment
NP0301,2023-04-01,860300,Annual Increment
NP0301,2024-04-01,906300,Annual Increment
NP0301,2025-04-01,982400,Annual Increment
NP0302,2023-12-13,629300,Hire
NP0302,2025-04-01,667600,Annual Increment
NP0303,2022-01-18,581100,Hire
NP0303,2023-04-01,635700,Annual Increment
NP0303,2024-04-01,668400,Annual Increment
NP0303,2025-04-01,682500,Annual Increment
NP0304,2025-08-15,479400,Hire
NP0305,2024-04-25,318100,Hire
NP0305,2025-04-01,327600,Annual Increment
NP0306,2017-09-14,602900,Hire
NP0306,2018-04-01,639100,Annual Increment
NP0306,2019-04-01,677400,Annual Increment
NP0306,2020-04-01,718000,Annual Increment
NP0306,2021-04-01,761100,Annual Increment
NP0306,2022-04-01,794000,Annual Increment
NP0306,2023-04-01,843800,Annual Increment
NP0306,2024-04-01,896000,Annual Increment
NP0306,2025-04-01,951600,Annual Increment
NP0307,2021-09-24,872500,Hire
NP0307,2022-04-01,916200,Annual Increment
NP0307,2023-04-01,930600,Annual Increment
NP0307,2024-04-01,947800,Annual Increment
NP0307,2025-04-01,1010800,Annual Increment
NP0308,2022-03-10,263500,Hire
NP0308,2023-04-01,268900,Annual Increment
NP0308,2024-04-01,287600,Annual Increment
NP0308,2025-04-01,314900,Annual Increment
NP0309,2019-01-09,844800,Hire
NP0309,2020-04-01,895500,Annual Increment
NP0309,2021-04-01,949200,Annual Increment
NP0309,2022-04-01,988400,Annual Increment
NP0309,2023-04-01,1039100,Annual Increment
NP0309,2024-04-01,1129400,Annual Increment
NP0309,2025-04-01,1155000,Annual Increment
NP0310,2022-11-14,458200,Hire
NP0310,2024-04-01,502300,Annual Increment
NP0310,2025-04-01,515000,Annual Increment
NP0311,2020-02-18,685400,Hire
NP0311,2021-04-01,726500,Annual Increment
NP0311,2022-04-01,766000,Annual Increment
NP0311,2023-04-01,773800,Annual Increment
NP0311,2024-04-01,824000,Annual Increment
NP0311,2025-04-01,866700,Annual Increment
NP0312,2018-01-18,366600,Hire
NP0312,2019-04-01,388600,Annual Increment
NP0312,2020-04-01,411900,Annual Increment
NP0312,2021-04-01,436600,Annual Increment
NP0312,2022-04-01,459200,Annual Increment
NP0312,2023-04-01,467100,Annual Increment
NP0312,2024-04-01,478100,Annual Increment
NP0313,2023-01-15,788200,Hire
NP0313,2024-04-01,809300,Annual Increment
NP0313,2025-04-01,824700,Annual Increment
NP0314,2022-08-15,309700,Hire
NP0314,2023-04-01,326700,Annual Increment
NP0314,2025-04-01,332000,Annual Increment
NP0315,2025-04-23,313500,Hire
NP0316,2022-04-30,1017500,Hire
NP0316,2023-04-01,1027700,Annual Increment
NP0316,2025-04-01,1029500,Annual Increment
NP0317,2013-12-13,1639700,Hire
NP0317,2015-04-01,1738100,Annual Increment
NP0317,2016-04-01,1842400,Annual Increment
NP0317,2017-04-01,1952900,Annual Increment
NP0317,2018-04-01,2070100,Annual Increment
NP0317,2019-04-01,2194300,Annual Increment
NP0317,2020-04-01,2326000,Annual Increment
NP0317,2021-04-01,2465600,Annual Increment
NP0317,2022-04-01,"25,66,300",Annual Increment
NP0317,2023-04-01,2712700,Annual Increment
NP0317,2024-04-01,2873600,Annual Increment
NP0317,2025-04-01,3130000,Annual Increment
NP0318,2014-12-08,1163300,Hire
NP0318,2016-04-01,1233100,Annual Increment
NP0318,2017-04-01,1307100,Annual Increment
NP0318,2018-04-01,1385500,Annual Increment
NP0318,2019-04-01,1468600,Annual Increment
NP0318,2020-04-01,1556700,Annual Increment
NP0318,2021-04-01,1650100,Annual Increment
NP0318,2022-04-01,1746600,Annual Increment
NP0318,2023-04-01,1793600,Annual Increment
NP0318,2024-04-01,-50000,Annual Increment
NP0318,2025-04-01,1882000,Annual Increment
NP0319,2015-10-27,1192500,Hire
NP0319,2017-04-01,1264000,Annual Increment
NP0319,2018-04-01,1339800,Annual Increment
NP0319,2019-04-01,1420200,Annual Increment
NP0319,2020-04-01,1505400,Annual Increment
NP0319,2021-04-01,1595700,Annual Increment
NP0319,2022-04-01,1688200,Annual Increment
NP0319,2023-04-01,1838500,Annual Increment
NP0319,2024-04-01,1935600,Annual Increment
NP0319,2025-04-01,2196900,Annual Increment
NP0320,2016-07-15,1341800,Hire
NP0320,2017-04-01,1422300,Annual Increment
NP0320,2018-04-01,1507600,Annual Increment
NP0320,2019-04-01,1598100,Annual Increment
NP0320,2020-04-01,1694000,Annual Increment
NP0320,2021-04-01,1795600,Annual Increment
NP0320,2022-04-01,1882500,Annual Increment
NP0320,2023-04-01,1902200,Annual Increment
NP0320,2024-04-01,1926500,Annual Increment
NP0320,2025-04-01,1958000,Annual Increment
NP0321,2023-07-20,971000,Hire
NP0321,2024-04-01,1029100,Annual Increment
NP0321,2025-04-01,1052400,Annual Increment
NP0322,2023-03-22,680300,Hire
NP0322,2024-04-01,734900,Annual Increment
NP0322,2025-04-01,752000,Annual Increment
NP0323,2021-05-17,388400,Hire
NP0323,2022-04-01,405300,Annual Increment
NP0323,2023-04-01,420000,Annual Increment
NP0324,2020-01-11,574800,Hire
NP0324,2021-04-01,609300,Annual Increment
NP0324,2022-04-01,633900,Annual Increment
NP0324,2023-04-01,669400,Annual Increment
NP0324,2024-04-01,670100,Annual Increment
NP0324,2025-04-01,710100,Annual Increment
NP0325,2019-03-19,561600,Hire
NP0325,2020-04-01,595300,Annual Increment
NP0325,2021-04-01,631000,Annual Increment
NP0325,2022-04-01,665400,Annual Increment
NP0325,2023-04-01,731200,Annual Increment
NP0325,2024-04-01,781900,Annual Increment
NP0325,2025-04-01,875700,Promotion
NP0326,2023-02-06,624800,Hire
NP0326,2024-04-01,656900,Annual Increment
NP0326,2025-04-01,715700,Annual Increment
NP0327,2020-05-01,1071400,Hire
NP0327,2021-04-01,1135700,Annual Increment
NP0327,2022-04-01,1187700,Annual Increment
NP0327,2023-04-01,1288300,Annual Increment
NP0327,2024-04-01,1365000,Annual Increment
NP0328,2022-01-29,335700,Hire
NP0328,2023-04-01,352600,Annual Increment
NP0328,2024-04-01,381900,Annual Increment
NP0328,2025-04-01,406200,Annual Increment
NP0329,2025-09-30,333900,Hire
NP0330,2025-09-13,611400,Hire
NP0331,2025-02-22,905200,Hire
NP0332,2025-07-05,296300,Hire
NP0333,2025-07-05,495800,Hire
NP0334,2024-12-08,1014300,Hire
NP0335,2024-04-27,1009100,Hire
NP0335,2025-04-01,1068200,Annual Increment
NP0336,2022-10-02,626800,Hire
NP0336,2023-04-01,653400,Annual Increment
NP0336,2024-04-01,663600,Annual Increment
NP0336,2025-04-01,707500,Annual Increment
NP0337,2019-04-26,523500,Hire
NP0337,2020-04-01,554900,Annual Increment
NP0337,2021-04-01,588200,Annual Increment
NP0337,2022-04-01,621900,Annual Increment
NP0337,2023-04-01,665100,Annual Increment
NP0337,2024-04-01,750000,Promotion
NP0337,2025-04-01,794200,Annual Increment
NP0338,2018-10-03,366000,Hire
NP0338,2019-04-01,388000,Annual Increment
NP0338,2020-04-01,411300,Annual Increment
NP0338,2021-04-01,436000,Annual Increment
NP0338,2022-04-01,457100,Annual Increment
NP0338,2023-04-01,464700,Annual Increment
NP0338,2024-04-01,477500,Annual Increment
NP0338,2025-04-01,491000,Annual Increment
NP0339,2022-03-22,620000,Hire
NP0340,2021-08-27,1044900,Hire
NP0340,2022-04-01,1107000,Annual Increment
NP0340,2023-04-01,1257300,Annual Increment
NP0340,2024-04-01,1365000,Annual Increment
NP0341,2024-07-20,315700,Hire
NP0341,2025-04-01,330400,Annual Increment
NP0342,2020-02-02,599700,Hire
NP0342,2021-04-01,635700,Annual Increment
NP0343,2017-09-27,626700,Hire
NP0343,2018-04-01,664300,Annual Increment
NP0343,2019-04-01,704200,Annual Increment
NP0343,2020-04-01,7465000,Annual Increment
NP0343,2021-04-01,791300,Annual Increment
NP0343,2022-04-01,826000,Annual Increment
NP0343,2023-04-01,894200,Annual Increment
NP0343,2024-04-01,971500,Annual Increment
NP0343,2025-04-01,1061500,Annual Increment
NP0344,2020-05-14,274100,Hire
NP0344,2021-04-01,290500,Annual Increment
NP0344,2022-04-01,307800,Annual Increment
NP0344,2023-04-01,326800,Annual Increment
NP0344,2024-04-01,328900,Annual Increment
NP0344,2025-04-01,335300,Annual Increment
NP0345,2023-11-10,1083100,Hire
NP0345,2025-04-01,1094400,Annual Increment
NP0346,2018-09-05,456600,Hire
NP0346,2019-04-01,484000,Annual Increment
NP0346,2020-04-01,513000,Annual Increment
NP0346,2021-04-01,543800,Annual Increment
NP0346,2022-04-01,571100,Annual Increment
NP0346,2023-04-01,585400,Annual Increment
NP0346,2024-04-01,615600,Annual Increment
NP0346,2025-04-01,629200,Annual Increment
NP0347,2025-07-12,581700,Hire
NP0348,2024-10-05,851500,Hire
NP0349,2018-11-15,639900,Hire
NP0349,2020-04-01,678300,Annual Increment
NP0349,2021-04-01,719000,Annual Increment
NP0349,2022-04-01,760600,Annual Increment
NP0349,2023-04-01,787500,Annual Increment
NP0350,2022-03-01,980400,Hire
NP0350,2023-04-01,1032200,Annual Increment
NP0350,2024-04-01,1101300,Annual Increment
NP0350,2025-04-01,1157700,Annual Increment
NP0351,2024-04-27,806000,Hire
NP0351,2025-04-01,850300,Annual Increment
NP0352,2012-07-28,1681000,Hire
NP0352,2013-04-01,1781900,Annual Increment
NP0352,2014-04-01,1888800,Annual Increment
NP0352,2015-04-01,2002100,Annual Increment
NP0352,2016-04-01,2122200,Annual Increment
NP0352,2017-04-01,2249500,Annual Increment
NP0352,2018-04-01,2384500,Annual Increment
NP0352,2019-04-01,2527600,Annual Increment
NP0352,2020-04-01,2679300,Annual Increment
NP0352,2021-04-01,2840100,Annual Increment
NP0352,2022-04-01,2989700,Annual Increment
NP0352,2023-04-01,3360000,Annual Increment
NP0353,2015-10-07,1125500,Hire
NP0353,2017-04-01,1193000,Annual Increment
NP0353,2018-04-01,1264600,Annual Increment
NP0353,2019-04-01,1340500,Annual Increment
NP0353,2020-04-01,1420900,Annual Increment
NP0353,2021-04-01,1506200,Annual Increment
NP0353,2022-04-01,1570800,Annual Increment
NP0353,2023-04-01,1705000,Annual Increment
NP0353,2024-04-01,1801200,Annual Increment
NP0353,2025-04-01,1980800,Annual Increment
NP0354,2016-11-02,965900,Hire
NP0354,2018-04-01,1023900,Annual Increment
NP0354,2019-04-01,1085300,Annual Increment
NP0354,2020-04-01,1150400,Annual Increment
NP0354,2021-04-01,1219400,Annual Increment
NP0354,2022-04-01,1282900,Annual Increment
NP0354,2023-04-01,1309500,Annual Increment
NP0354,2024-04-01,1396600,Annual Increment
NP0354,2025-04-01,1484500,Annual Increment
NP0355,2014-07-21,1207500,Hire
NP0355,2015-04-01,1280000,Annual Increment
NP0355,2016-04-01,1356800,Annual Increment
NP0355,2017-04-01,1438200,Annual Increment
NP0355,2018-04-01,1524500,Annual Increment
NP0355,2019-04-01,1616000,Annual Increment
NP0355,2020-04-01,1713000,Annual Increment
NP0355,2021-04-01,1815800,Annual Increment
NP0355,2022-04-01,1923200,Annual Increment
NP0355,2023-04-01,1965400,Annual Increment
NP0355,2024-04-01,1995000,Annual Increment
NP0356,2014-06-28,1179500,Hire
NP0356,2015-04-01,1250300,Annual Increment
NP0356,2016-04-01,1325300,Annual Increment
NP0356,2017-04-01,1404800,Annual Increment
NP0356,2018-04-01,1489100,Annual Increment
NP0356,2019-04-01,1578400,Annual Increment
NP0356,2020-04-01,1673100,Annual Increment
NP0356,2021-04-01,1773500,Annual Increment
NP0356,2022-04-01,1870500,Annual Increment
NP0356,2023-04-01,1971300,Annual Increment
NP0356,2024-04-01,1995000,Annual Increment
NP0357,2015-02-15,1027300,Hire
NP0357,2016-04-01,1088900,Annual Increment
NP0357,2017-04-01,1154200,Annual Increment
NP0357,2018-04-01,1223500,Annual Increment
NP0357,2019-04-01,1296900,Annual Increment
NP0357,2020-04-01,1374700,Annual Increment
NP0357,2021-04-01,1457200,Annual Increment
NP0357,2022-04-01,1538500,Annual Increment
NP0357,2023-04-01,1628400,Annual Increment
NP0357,2024-04-01,1736500,Annual Increment
NP0357,2025-04-01,1823700,Annual Increment
NP0358,2015-08-04,996500,Hire
NP0358,2016-04-01,1056300,Annual Increment
NP0358,2017-04-01,1119700,Annual Increment
NP0358,2018-04-01,1186900,Annual Increment
NP0358,2019-04-01,1258100,Annual Increment
NP0358,2020-04-01,1333600,Annual Increment
NP0358,2021-04-01,1413600,Annual Increment
NP0358,2022-04-01,1477500,Annual Increment
NP0358,2023-04-01,1496500,Annual Increment
NP0358,2024-04-01,1572100,Annual Increment
NP0358,2025-04-01,1608300,Annual Increment
NP0359,2024-07-02,597600,Hire
NP0359,2025-04-01,630600,Annual Increment
NP0360,2023-04-04,332000,Hire
NP0360,2024-04-01,349100,Annual Increment
NP0360,2025-04-01,358900,Annual Increment
NP0361,2020-03-22,429300,Hire
NP0361,2021-04-01,455100,Annual Increment
NP0361,2022-04-01,474600,Annual Increment
NP0361,2023-04-01,517800,Annual Increment
NP0361,2024-04-01,551500,Annual Increment
NP0361,2025-04-01,582100,Annual Increment
NP0362,2022-05-16,287700,Hire
NP0362,2023-04-01,303700,Annual Increment
NP0362,2024-04-01,321600,Annual Increment
NP0362,2025-04-01,338500,Annual Increment
NP0363,2025-04-27,418600,Hire
NP0364,2021-08-01,538100,Hire
NP0364,2022-04-01,569900,Annual Increment
NP0364,2023-04-01,608300,Annual Increment
NP0364,2024-04-01,643200,Annual Increment
NP0364,2025-04-01,682500,Annual Increment
NP0365,2023-09-06,424100,Hire
NP0365,2024-04-01,445700,Annual Increment
NP0365,2025-04-01,455900,Annual Increment
NP0366,2022-08-13,812000,Hire
NP0366,2023-04-01,850900,Annual Increment
NP0366,2024-04-01,899000,Annual Increment
NP0366,2025-04-01,923000,Annual Increment
NP0367,2019-02-27,599100,Hire
NP0367,2020-04-01,635000,Annual Increment
NP0367,2021-04-01,673100,Annual Increment
NP0367,2022-04-01,700500,Annual Increment
NP0367,2023-04-01,760500,Annual Increment
NP0367,2024-04-01,807100,Annual Increment
NP0367,2025-04-01,856600,Annual Increment
NP0368,2024-05-01,849200,Hire
NP0368,2025-04-01,906700,Annual Increment
NP0369,2023-04-30,550100,Hire
NP0369,2024-04-01,616700,Annual Increment
NP0369,2025-04-01,667700,Annual Increment
NP0370,2023-07-27,493900,Hire
NP0370,2024-04-01,514300,Annual Increment
NP0370,2025-04-01,650000,Promotion
NP0371,2023-12-05,,Hire
NP0372,2017-04-16,602600,Hire
NP0372,2018-04-01,638800,Annual Increment
NP0372,2019-04-01,677100,Annual Increment
NP0372,2020-04-01,717700,Annual Increment
NP0372,2021-04-01,760800,Annual Increment
NP0372,2022-04-01,793500,Annual Increment
NP0373,2017-12-24,784900,Hire
NP0373,2019-04-01,832000,Annual Increment
NP0373,2020-04-01,881900,Annual Increment
NP0373,2021-04-01,934800,Annual Increment
NP0373,2022-04-01,982000,Annual Increment
NP0373,2023-04-01,1049600,Annual Increment
NP0373,2024-04-01,1107000,Annual Increment
NP0373,2025-04-01,1155000,Annual Increment
NP0374,2024-10-12,453000,Hire
NP0375,2024-09-02,450100,Hire
NP0375,2025-04-01,476900,Annual Increment
NP0376,2022-07-19,791100,Hire
NP0376,2023-04-01,828100,Annual Increment
NP0376,2024-04-01,901200,Annual Increment
NP0376,2025-04-01,986800,Annual Increment
NP0377,2025-04-20,423200,Hire
NP0378,2017-03-11,271100,Hire
NP0378,2018-04-01,287400,Annual Increment
NP0378,2019-04-01,304600,Annual Increment
NP0378,2020-04-01,322900,Annual Increment
NP0378,2021-04-01,342300,Annual Increment
NP0378,2022-04-01,359400,Annual Increment
NP0378,2023-04-01,381100,Annual Increment
NP0378,2024-04-01,399000,Annual Increment
NP0379,2025-03-05,862200,Hire
NP0380,2017-11-28,719300,Hire
NP0380,2019-04-01,762500,Annual Increment
NP0380,2020-04-01,808200,Annual Increment
NP0380,2021-04-01,856700,Annual Increment
NP0380,2022-04-01,904900,Annual Increment
NP0380,2023-04-01,985400,Annual Increment
NP0380,2024-04-01,1066500,Annual Increment
NP0380,2025-04-01,1139300,Annual Increment
NP0381,2020-08-14,420400,Hire
NP0381,2021-04-01,445600,Annual Increment
NP0381,2022-04-01,465700,Annual Increment
NP0381,2023-04-01,495000,Annual Increment
NP0381,2024-04-01,520300,Annual Increment
NP0381,2025-04-01,527800,Annual Increment
NP0382,2022-03-19,385400,Hire
NP0382,2023-04-01,650000,Promotion
NP0382,2024-04-01,704800,Annual Increment
NP0382,2025-04-01,743300,Annual Increment
NP0383,2022-05-24,461700,Hire
NP0383,2024-04-01,470900,Annual Increment
NP0383,2025-04-01,473300,Annual Increment
NP0384,2023-11-28,282800,Hire
NP0384,2025-04-01,297000,Annual Increment
NP0385,2024-09-23,288800,Hire
NP0385,2025-04-01,304800,Annual Increment
NP0386,2022-02-03,281400,Hire
NP0386,2023-04-01,307700,Annual Increment
NP0386,2024-04-01,335700,Annual Increment
NP0386,2025-04-01,380000,Promotion
NP0387,2023-04-23,996800,Hire
NP0387,2024-04-01,1088300,Annual Increment
NP0387,2025-04-01,1155000,Annual Increment
NP0388,2020-06-05,545600,Hire
NP0388,2021-04-01,578300,Annual Increment
NP0388,2022-04-01,608200,Annual Increment
NP0388,2023-04-01,681200,Promotion
NP0388,2024-04-01,724800,Annual Increment
NP0388,2025-04-01,740500,Annual Increment
NP0389,2024-04-03,268200,Hire
NP0389,2025-04-01,272900,Annual Increment
NP0390,2022-03-25,286500,Hire
NP0390,2023-04-01,290300,Annual Increment
NP0390,2024-04-01,290500,Annual Increment
NP0390,2025-04-01,309300,Annual Increment
NP0391,2018-07-09,506400,Hire
NP0391,2019-04-01,536800,Annual Increment
NP0391,2020-04-01,569000,Annual Increment
NP0391,2021-04-01,603100,Annual Increment
NP0391,2022-04-01,630600,Annual Increment
NP0391,2023-04-01,682500,Annual Increment
NP0392,2025-01-10,438000,Hire
NP0393,2022-03-30,254400,Hire
NP0394,2025-04-28,578400,Hire
NP0395,2019-08-23,507000,Hire
NP0395,2020-04-01,537400,Annual Increment
NP0395,2021-04-01,569600,Annual Increment
NP0395,2022-04-01,596100,Annual Increment
NP0395,2023-04-01,603500,Annual Increment
NP0395,2024-04-01,652100,Annual Increment
NP0395,2025-04-01,682500,Annual Increment
NP0396,2024-07-28,552400,Hire
NP0396,2025-04-01,580200,Annual Increment
NP0397,2019-08-28,879200,Hire
NP0397,2020-04-01,932000,Annual Increment
NP0397,2021-04-01,987900,Annual Increment
NP0397,2022-04-01,1035400,Annual Increment
NP0397,2023-04-01,1122100,Annual Increment
NP0397,2024-04-01,1155000,Annual Increment
NP0398,2022-03-10,481100,Hire
NP0398,2023-04-01,547200,Annual Increment
NP0398,2024-04-01,650000,Promotion
NP0398,2025-04-01,709400,Annual Increment
NP0399,2018-05-05,711800,Hire
NP0399,2019-04-01,754500,Annual Increment
NP0399,2020-04-01,799800,Annual Increment
NP0399,2021-04-01,847800,Annual Increment
NP0399,2022-04-01,894400,Annual Increment
NP0399,2023-04-01,918200,Annual Increment
NP0399,2024-04-01,939800,Annual Increment
NP0399,2025-04-01,965900,Annual Increment
NP0400,2025-07-07,487700,Hire
NP0401,2022-06-15,562100,Hire
NP0401,2023-04-01,616300,Annual Increment
NP0401,2024-04-01,666300,Annual Increment
NP0401,2025-04-01,682500,Annual Increment
NP0402,2018-11-17,418100,Hire
NP0402,2020-04-01,443200,Annual Increment
NP0402,2021-04-01,469800,Annual Increment
NP0402,2022-04-01,496900,Annual Increment
NP0402,2023-04-01,526800,Annual Increment
NP0402,2024-04-01,571200,Annual Increment
NP0402,2025-04-01,650000,Promotion
NP0403,2024-10-23,427700,Hire
NP0404,2024-10-13,264800,Hire
NP0405,2023-04-21,757800,Hire
NP0405,2024-04-01,823500,Annual Increment
NP0405,2025-04-01,897600,Annual Increment
NP0406,2022-12-18,517700,Hire
NP0406,2024-04-01,530300,Annual Increment
NP0406,2025-04-01,539700,Annual Increment
NP0407,2025-09-26,531400,Hire
NP0408,2018-09-10,449800,Hire
NP0408,2019-04-01,476800,Annual Increment
NP0408,2020-04-01,505400,Annual Increment
NP0408,2021-04-01,535700,Annual Increment
NP0408,2022-04-01,565200,Annual Increment
NP0409,2025-09-27,309500,Hire
NP0410,2020-08-06,388000,Hire
NP0410,2021-04-01,411300,Annual Increment
NP0410,2022-04-01,435300,Annual Increment
NP0410,2023-04-01,462300,Annual Increment
NP0410,2024-04-01,491600,Annual Increment
NP0410,2025-04-01,516900,Annual Increment
NP0411,2025-05-20,518800,Hire
NP0412,2023-08-15,"3,53,200",Hire
NP0412,2024-04-01,368100,Annual Increment
NP0412,2025-04-01,412300,Promotion
NP0413,2020-04-24,893700,Hire
NP0413,2021-04-01,947300,Annual Increment
NP0413,2022-04-01,985800,Annual Increment
NP0413,2023-04-01,996600,Annual Increment
NP0413,2024-04-01,1046700,Annual Increment
NP0413,2025-04-01,1104800,Annual Increment
NP0414,2023-09-11,796800,Hire
NP0414,2024-04-01,828700,Annual Increment
NP0414,2025-04-01,935500,Annual Increment
NP0415,2020-11-09,836000,Hire
NP0415,2022-04-01,881600,Annual Increment
NP0415,2023-04-01,907400,Annual Increment
NP0415,2024-04-01,954500,Annual Increment
NP0415,2025-04-01,971100,Annual Increment
NP0416,2025-03-24,269100,Hire
NP0417,2022-06-07,579300,Hire
NP0417,2023-04-01,592600,Annual Increment
NP0417,2024-04-01,607300,Annual Increment
NP0418,2017-10-22,224600,Hire
NP0418,2019-04-01,238100,Annual Increment
NP0418,2020-04-01,252400,Annual Increment
NP0418,2021-04-01,267500,Annual Increment
NP0418,2022-04-01,280200,Annual Increment
NP0418,2023-04-01,306300,Annual Increment
NP0418,2024-04-01,321800,Annual Increment
NP0418,2025-04-01,380000,Promotion
NP0419,2024-12-25,389900,Hire
NP0420,2023-12-02,311700,Hire
NP0420,2025-04-01,380000,Promotion
NP0421,2011-06-09,1174300,Hire
NP0421,2012-04-01,1244800,Annual Increment
NP0421,2013-04-01,1319500,Annual Increment
NP0421,2014-04-01,1398700,Annual Increment
NP0421,2015-04-01,1482600,Annual Increment
NP0421,2016-04-01,1571600,Annual Increment
NP0421,2017-04-01,1665900,Annual Increment
NP0421,2018-04-01,1765900,Annual Increment
NP0421,2019-04-01,1871900,Annual Increment
NP0421,2020-04-01,1984200,Annual Increment
NP0421,2021-04-01,2103300,Annual Increment
NP0421,2022-04-01,2206700,Annual Increment
NP0421,2023-04-01,2358200,Annual Increment
NP0421,2024-04-01,2522500,Annual Increment
NP0421,2025-04-01,2694800,Annual Increment
NP0422,2014-01-22,849300,Hire
NP0422,2015-04-01,900300,Annual Increment
NP0422,2016-04-01,954300,Annual Increment
NP0422,2017-04-01,1011600,Annual Increment
NP0422,2018-04-01,1072300,Annual Increment
NP0422,2019-04-01,1136600,Annual Increment
NP0422,2020-04-01,1204800,Annual Increment
NP0422,2021-04-01,1277100,Annual Increment
NP0422,2022-04-01,1331300,Annual Increment
NP0422,2023-04-01,1414800,Annual Increment
NP0422,2024-04-01,1512500,Annual Increment
NP0422,2025-04-01,1575000,Annual Increment
NP0423,2015-12-23,931300,Hire
NP0423,2017-04-01,987200,Annual Increment
NP0423,2018-04-01,1046400,Annual Increment
NP0423,2019-04-01,1109200,Annual Increment
NP0423,2020-04-01,1175800,Annual Increment
NP0423,2021-04-01,1246300,Annual Increment
NP0423,2022-04-01,1318100,Annual Increment
NP0423,2023-04-01,1408600,Annual Increment
NP0423,2024-04-01,1483900,Annual Increment
NP0423,2025-04-01,1561400,Annual Increment
NP0424,2014-01-09,750500,Hire
NP0424,2015-04-01,795500,Annual Increment
NP0424,2016-04-01,843200,Annual Increment
NP0424,2017-04-01,893800,Annual Increment
NP0424,2018-04-01,947400,Annual Increment
NP0424,2019-04-01,1004200,Annual Increment
NP0424,2020-04-01,1064500,Annual Increment
NP0424,2021-04-01,1128400,Annual Increment
NP0424,2022-04-01,1189900,Annual Increment
NP0424,2023-04-01,1260200,Annual Increment
NP0424,2024-04-01,1345600,Annual Increment
NP0424,2025-04-01,1431600,Annual Increment
NP0425,2016-05-18,721800,Hire
NP0425,2017-04-01,765100,Annual Increment
NP0425,2018-04-01,811000,Annual Increment
NP0425,2019-04-01,859700,Annual Increment
NP0425,2020-04-01,911300,Annual Increment
NP0425,2021-04-01,966000,Annual Increment
NP0425,2022-04-01,1009900,Annual Increment
NP0425,2023-04-01,1091100,Annual Increment
NP0425,2024-04-01,1157900,Annual Increment
NP0425,2025-04-01,1252000,Annual Increment
NP0426,2014-08-25,895700,Hire
NP0426,2015-04-01,949400,Annual Increment
NP0426,2016-04-01,1006400,Annual Increment
NP0426,2017-04-01,1066800,Annual Increment
NP0426,2018-04-01,1130800,Annual Increment
NP0426,2019-04-01,1198600,Annual Increment
NP0426,2020-04-01,1270500,Annual Increment
NP0426,2021-04-01,1346700,Annual Increment
NP0426,2022-04-01,1419200,Annual Increment
NP0426,2023-04-01,1496300,Annual Increment
NP0426,2024-04-01,1575000,Annual Increment
NP0427,2015-01-03,846800,Hire
NP0427,2016-04-01,897600,Annual Increment
NP0427,2017-04-01,951500,Annual Increment
NP0427,2018-04-01,1008600,Annual Increment
NP0427,2019-04-01,1069100,Annual Increment
NP0427,2020-04-01,1133200,Annual Increment
NP0427,2021-04-01,1201200,Annual Increment
NP0427,2022-04-01,1250100,Annual Increment
NP0427,2023-04-01,1273400,Annual Increment
NP0427,2024-04-01,1348900,Annual Increment
NP0427,2025-04-01,1367100,Annual Increment
NP0428,2014-12-12,749900,Hire
NP0428,2016-04-01,794900,Annual Increment
NP0428,2017-04-01,842600,Annual Increment
NP0428,2018-04-01,893200,Annual Increment
NP0428,2019-04-01,946800,Annual Increment
NP0428,2020-04-01,1003600,Annual Increment
NP0428,2021-04-01,1063800,Annual Increment
NP0428,2022-04-01,1106600,Annual Increment
NP0428,2023-04-01,1181800,Annual Increment
NP0428,2024-04-01,1291900,Annual Increment
NP0428,2025-04-01,1420000,Annual Increment
NP0429,2016-03-30,825800,Hire
NP0429,2017-04-01,875300,Annual Increment
NP0429,2018-04-01,927800,Annual Increment
NP0429,2019-04-01,983500,Annual Increment
NP0429,2020-04-01,1042500,Annual Increment
NP0429,2021-04-01,1105000,Annual Increment
NP0429,2022-04-01,1168600,Annual Increment
NP0429,2023-04-01,1196900,Annual Increment
NP0429,2024-04-01,1274000,Annual Increment
NP0429,2025-04-01,1342900,Annual Increment
NP0430,2022-05-20,356800,Hire
NP0430,2023-04-01,387300,Annual Increment
NP0430,2024-04-01,414100,Annual Increment
NP0431,2023-08-25,361500,Hire
NP0431,2024-04-01,377300,Annual Increment
NP0432,2023-09-13,634300,Hire
NP0432,2024-04-01,668400,Annual Increment
NP0432,2025-04-01,712700,Annual Increment
NP0433,2022-11-17,352400,Hire
NP0433,2024-04-01,370300,Annual Increment
NP0433,2025-04-01,395200,Annual Increment
NP0434,2017-07-19,343300,Hire
NP0434,2018-04-01,363900,Annual Increment
NP0434,2019-04-01,385700,Annual Increment
NP0434,2020-04-01,408800,Annual Increment
NP0434,2021-04-01,433300,Annual Increment
NP0434,2022-04-01,455500,Annual Increment
NP0434,2023-04-01,485500,Annual Increment
NP0434,2024-04-01,531500,Annual Increment
NP0435,2020-01-08,320200,Hire
NP0435,2021-04-01,339400,Annual Increment
NP0435,2022-04-01,354900,Annual Increment
NP0435,2023-04-01,520000,Promotion
NP0435,2024-04-01,549800,Annual Increment
NP0435,2025-04-01,586300,Annual Increment
NP0436,2023-02-26,236600,Hire
NP0436,2024-04-01,266800,Annual Increment
NP0436,2025-04-01,284000,Annual Increment
NP0437,2020-03-20,435200,Hire
NP0437,2021-04-01,461300,Annual Increment
NP0437,2022-04-01,484700,Annual Increment
NP0437,2023-04-01,529700,Annual Increment
NP0437,2024-04-01,546000,Annual Increment
NP0438,2024-06-05,330700,Hire
NP0439,2024-08-15,220700,Hire
NP0440,2025-07-22,287200,Hire
NP0441,2019-09-22,390300,Hire
NP0441,2020-04-01,413700,Annual Increment
NP0441,2021-04-01,438500,Annual Increment
NP0441,2022-04-01,462800,Annual Increment
NP0441,2023-04-01,492200,Annual Increment
NP0441,2024-04-01,503800,Annual Increment
NP0441,2025-04-01,508400,Annual Increment
NP0442,2022-04-24,777900,Hire
NP0443,2025-04-03,684100,Hire
NP0444,2018-03-15,615400,Hire
NP0444,2019-04-01,652300,Annual Increment
NP0444,2020-04-01,691400,Annual Increment
NP0444,2021-04-01,732900,Annual Increment
NP0444,2022-04-01,763500,Annual Increment
NP0444,2023-04-01,775000,Annual Increment
NP0444,2025-04-01,797100,Annual Increment
NP0445,2021-05-26,556500,Hire
NP0445,2022-04-01,585900,Annual Increment
NP0445,2024-04-01,621500,Annual Increment
NP0445,2025-04-01,661000,Annual Increment
NP0446,2022-09-07,340100,Hire
NP0446,2023-04-01,359800,Annual Increment
NP0446,2024-04-01,362800,Annual Increment
NP0447,2018-10-12,564600,Hire
NP0447,2020-04-01,598500,Annual Increment
NP0447,2021-04-01,634400,Annual Increment
NP0447,2022-04-01,672200,Annual Increment
NP0447,2023-04-01,707800,Annual Increment
NP0447,2024-04-01,719700,Annual Increment
NP0447,2025-04-01,736000,Annual Increment
NP0448,2023-12-22,434900,Hire
NP0449,2019-11-24,508100,Hire
NP0449,2021-04-01,538600,Annual Increment
NP0449,2022-04-01,568200,Annual Increment
NP0449,2023-04-01,572200,Annual Increment
NP0450,2021-11-30,442400,Hire
NP0450,2023-04-01,473200,Annual Increment
NP0450,2024-04-01,518900,Annual Increment
NP0450,2025-04-01,546000,Annual Increment
NP0451,2020-03-07,363600,Hire
NP0451,2021-04-01,385400,Annual Increment
NP0451,2022-04-01,407600,Annual Increment
NP0451,2023-04-01,416100,Annual Increment
NP0451,2024-04-01,441700,Annual Increment
NP0451,2025-04-01,468600,Annual Increment
NP0452,2025-10-18,253200,Hire
NP0453,2023-10-25,557200,Hire
NP0453,2025-04-01,595600,Annual Increment
NP0454,2022-04-04,253200,Hire
NP0454,2023-04-01,259500,Annual Increment
NP0454,2024-04-01,266200,Annual Increment
NP0454,2025-04-01,281200,Annual Increment
NP0455,2019-12-23,353800,Hire
NP0455,2021-04-01,375000,Annual Increment
NP0455,2022-04-01,396300,Annual Increment
NP0455,2023-04-01,423500,Annual Increment
NP0456,2023-10-09,372600,Hire
NP0456,2025-04-01,375000,Annual Increment
NP0457,2019-10-11,236800,Hire
NP0457,2021-04-01,251000,Annual Increment
NP0457,2022-04-01,262100,Annual Increment
NP0457,2023-04-01,295700,Annual Increment
NP0457,2024-04-01,320000,Annual Increment
NP0457,2025-04-01,336000,Annual Increment
NP0458,2025-02-27,613800,Hire
NP0459,2025-10-25,261600,Hire
NP0460,2020-06-28,551600,Hire
NP0460,2021-04-01,584700,Annual Increment
NP0460,2022-04-01,617800,Annual Increment
NP0460,2023-04-01,678300,Annual Increment
NP0460,2024-04-01,714800,Annual Increment
NP0460,2025-04-01,750500,Annual Increment
NP0461,2024-02-21,242000,Hire
NP0461,2025-04-01,263800,Annual Increment
NP0462,2023-09-28,625100,Hire
NP0462,2024-04-01,651500,Annual Increment
NP0462,2025-04-01,686000,Annual Increment
NP0463,2019-01-25,605400,Hire
NP0463,2020-04-01,641700,Annual Increment
NP0463,2021-04-01,680200,Annual Increment
NP0463,2022-04-01,7084000,Annual Increment
NP0463,2023-04-01,778500,Annual Increment
NP0463,2024-04-01,844500,Annual Increment
NP0463,2025-04-01,892500,Annual Increment
NP0464,2023-09-08,239200,Hire
NP0464,2024-04-01,252700,Annual Increment
NP0465,2019-08-10,566300,Hire
NP0465,2020-04-01,600300,Annual Increment
NP0465,2021-04-01,636300,Annual Increment
NP0465,2022-04-01,668600,Annual Increment
NP0465,2023-04-01,723400,Annual Increment
NP0465,2024-04-01,822000,Annual Increment
NP0465,2025-04-01,863500,Annual Increment
NP0466,2024-07-20,366500,Hire
NP0466,2025-04-01,381400,Annual Increment
NP0467,2017-08-27,222800,Hire
NP0467,2018-04-01,236200,Annual Increment
NP0467,2019-04-01,250400,Annual Increment
NP0467,2020-04-01,265400,Annual Increment
NP0467,2021-04-01,281300,Annual Increment
NP0467,2022-04-01,293200,Annual Increment
NP0467,2023-04-01,294800,Annual Increment
NP0467,2025-04-01,300200,Annual Increment
NP0468,2017-02-24,315200,Hire
NP0468,2018-04-01,334100,Annual Increment
NP0468,2019-04-01,354100,Annual Increment
NP0468,2020-04-01,375300,Annual Increment
NP0468,2021-04-01,397800,Annual Increment
NP0468,2022-04-01,416600,Annual Increment
NP0469,2024-09-20,381700,Hire
NP0469,2025-04-01,400000,Annual Increment
NP0470,2019-11-18,418400,Hire
NP0470,2021-04-01,443500,Annual Increment
NP0470,2022-04-01,467400,Annual Increment
NP0470,2023-04-01,494400,Annual Increment
NP0470,2024-04-01,553700,Promotion
NP0470,2025-04-01,586100,Annual Increment
NP0471,2025-08-16,239600,Hire
NP0472,2018-08-24,"5,52,300",Hire
NP0472,2019-04-01,585400,Annual Increment
NP0472,2020-04-01,620500,Annual Increment
NP0472,2021-04-01,657700,Annual Increment
NP0472,2022-04-01,691800,Annual Increment
NP0472,2023-04-01,753800,Annual Increment
NP0472,2024-04-01,800800,Annual Increment
NP0472,2025-04-01,841500,Annual Increment
NP0473,2022-09-22,257100,Hire
NP0473,2023-04-01,269900,Annual Increment
NP0473,2024-04-01,320000,Promotion
NP0473,2025-04-01,336200,Annual Increment
NP0474,2018-06-13,574900,Hire
NP0474,2019-04-01,609400,Annual Increment
NP0474,2020-04-01,646000,Annual Increment
NP0474,2021-04-01,684800,Annual Increment
NP0474,2022-04-01,721800,Annual Increment
NP0474,2023-04-01,770300,Annual Increment
NP0474,2024-04-01,814700,Annual Increment
NP0474,2025-04-01,888700,Annual Increment
NP0475,2024-07-25,539300,Hire
NP0475,2025-04-01,561900,Annual Increment
NP0476,2019-11-03,398400,Hire
NP0476,2021-04-01,422300,Annual Increment
NP0476,2022-04-01,445000,Annual Increment
NP0476,2023-04-01,470400,Annual Increment
NP0476,2024-04-01,512600,Annual Increment
NP0476,2025-04-01,518100,Annual Increment
NP0477,2019-02-02,648900,Hire
NP0477,2020-04-01,687800,Annual Increment
NP0477,2021-04-01,729100,Annual Increment
NP0477,2022-04-01,765400,Annual Increment
NP0477,2023-04-01,786900,Annual Increment
NP0477,2024-04-01,802200,Annual Increment
NP0477,2025-04-01,818900,Annual Increment
NP0478,2017-03-02,332800,Hire
NP0478,2018-04-01,352800,Annual Increment
NP0478,2019-04-01,374000,Annual Increment
NP0478,2020-04-01,396400,Annual Increment
NP0478,2021-04-01,420200,Annual Increment
NP0478,2022-04-01,437700,Annual Increment
NP0478,2023-04-01,465800,Annual Increment
NP0478,2024-04-01,493300,Annual Increment
NP0478,2025-04-01,535100,Annual Increment
NP0479,2025-03-22,265900,Hire
NP0480,2025-06-20,374400,Hire
NP0481,2019-11-14,448300,Hire
NP0481,2021-04-01,475200,Annual Increment
NP0481,2022-04-01,503600,Annual Increment
NP0481,2023-04-01,564000,Promotion
NP0481,2024-04-01,595700,Annual Increment
NP0481,2025-04-01,610900,Annual Increment
NP0482,2020-08-26,649100,Hire
NP0482,2021-04-01,688000,Annual Increment
NP0482,2022-04-01,727300,Annual Increment
NP0482,2023-04-01,737700,Annual Increment
NP0482,2024-04-01,751100,Annual Increment
NP0482,2025-04-01,811300,Annual Increment
NP0483,2024-02-13,446600,Hire
NP0483,2025-04-01,476600,Annual Increment
NP0484,2020-10-18,399800,Hire
NP0484,2022-04-01,422000,Annual Increment
NP0484,2023-04-01,459500,Annual Increment
NP0484,2024-04-01,500500,Annual Increment
NP0484,2025-04-01,529400,Annual Increment
NP0485,2024-07-26,243800,Hire
NP0485,2025-04-01,258100,Annual Increment
NP0486,2023-09-14,202400,Hire
NP0486,2024-04-01,213100,Annual Increment
NP0487,2024-05-05,365500,Hire
NP0488,2022-07-02,332500,Hire
NP0489,2020-07-14,638000,Hire
NP0489,2021-04-01,676300,Annual Increment
NP0489,2022-04-01,704000,Annual Increment
NP0489,2023-04-01,796700,Annual Increment
NP0489,2024-04-01,871600,Annual Increment
NP0490,2019-12-26,441000,Hire
NP0490,2021-04-01,467500,Annual Increment
NP0490,2022-04-01,490800,Annual Increment
NP0490,2023-04-01,546000,Annual Increment
NP0490,2024-04-01,611500,Promotion
NP0491,2019-04-30,221300,Hire
NP0491,2020-04-01,234600,Annual Increment
NP0491,2021-04-01,248700,Annual Increment
NP0491,2022-04-01,260100,Annual Increment
NP0491,2023-04-01,273700,Annual Increment
NP0491,2024-04-01,320000,Promotion
NP0491,2025-04-01,346900,Annual Increment
NP0492,2017-02-25,531000,Hire
NP0492,2018-04-01,562900,Annual Increment
NP0492,2019-04-01,596700,Annual Increment
NP0492,2020-04-01,632500,Annual Increment
NP0492,2021-04-01,670400,Annual Increment
NP0492,2022-04-01,703700,Annual Increment
NP0492,2023-04-01,760100,Annual Increment
NP0492,2024-04-01,809900,Annual Increment
NP0492,2025-04-01,887800,Annual Increment
NP0493,2022-08-24,219100,Hire
NP0493,2023-04-01,231800,Annual Increment
NP0494,2023-02-21,385800,Hire
NP0494,2024-04-01,405400,Annual Increment
NP0494,2025-04-01,428400,Annual Increment
NP0495,2017-05-04,534900,Hire
NP0495,2018-04-01,567000,Annual Increment
NP0495,2019-04-01,601000,Annual Increment
NP0495,2020-04-01,637100,Annual Increment
NP0495,2021-04-01,675300,Annual Increment
NP0495,2022-04-01,711500,Annual Increment
NP0495,2023-04-01,780500,Annual Increment
NP0495,2024-04-01,846500,Annual Increment
NP0495,2025-04-01,892500,Annual Increment
NP0496,2020-12-01,429600,Hire
NP0496,2022-04-01,452800,Annual Increment
NP0496,2023-04-01,476400,Annual Increment
NP0496,2024-04-01,507300,Annual Increment
NP0496,2025-04-01,518100,Annual Increment
NP0497,2024-07-16,225100,Hire
NP0497,2025-04-01,236100,Annual Increment
NP0498,2025-08-26,224200,Hire
NP0499,2022-01-18,242300,Hire
NP0499,2023-04-01,265100,Annual Increment
NP0499,2024-04-01,270500,Annual Increment
NP0499,2025-04-01,295600,Annual Increment
NP0500,2024-01-14,223100,Hire
NP0501,2025-09-13,363800,Hire
NP0502,2020-02-22,564700,Hire
NP0502,2021-04-01,598600,Annual Increment
NP0502,2022-04-01,625900,Annual Increment
NP0502,2023-04-01,708000,Annual Increment
NP0502,2024-04-01,798900,Annual Increment
NP0502,2025-04-01,892500,Annual Increment
NP0503,2019-05-11,372100,Hire
NP0503,2020-04-01,394400,Annual Increment
NP0503,2021-04-01,418100,Annual Increment
NP0503,2022-04-01,437000,Annual Increment
NP0504,2019-06-04,631400,Hire
NP0504,2020-04-01,"6,69,300",Annual Increment
NP0504,2021-04-01,709500,Annual Increment
NP0504,2022-04-01,751300,Annual Increment
NP0504,2023-04-01,764200,Annual Increment
NP0505,2019-07-04,394400,Hire
NP0505,2020-04-01,418100,Annual Increment
NP0505,2021-04-01,443200,Annual Increment
NP0505,2022-04-01,464500,Annual Increment
NP0505,2023-04-01,496100,Annual Increment
NP0505,2024-04-01,522100,Annual Increment
NP0505,2025-04-01,546000,Annual Increment
NP0506,2017-07-16,423600,Hire
NP0506,2018-04-01,449000,Annual Increment
NP0506,2019-04-01,475900,Annual Increment
NP0506,2020-04-01,504500,Annual Increment
NP0506,2021-04-01,534800,Annual Increment
NP0506,2022-04-01,563300,Annual Increment
NP0506,2023-04-01,596500,Annual Increment
NP0506,2024-04-01,638200,Annual Increment
NP0506,2025-04-01,649300,Annual Increment
NP0507,2022-02-23,474300,Hire
NP0507,2023-04-01,479700,Annual Increment
NP0507,2024-04-01,519900,Annual Increment
NP0507,2025-04-01,546000,Annual Increment
NP0508,2023-01-16,243300,Hire
NP0508,2024-04-01,246500,Annual Increment
NP0508,2025-04-01,252400,Annual Increment
NP0509,2025-10-21,285000,Hire
NP0510,2023-11-10,792900,Hire
NP0510,2025-04-01,856500,Annual Increment
NP0511,2012-04-16,1604900,Hire
NP0511,2013-04-01,1701200,Annual Increment
NP0511,2014-04-01,1803300,Annual Increment
NP0511,2015-04-01,1911500,Annual Increment
NP0511,2016-04-01,2026200,Annual Increment
NP0511,2017-04-01,2147800,Annual Increment
NP0511,2018-04-01,2276700,Annual Increment
NP0511,2019-04-01,2413300,Annual Increment
NP0511,2020-04-01,2558100,Annual Increment
NP0511,2021-04-01,2711600,Annual Increment
NP0511,2022-04-01,2823300,Annual Increment
NP0511,2023-04-01,3009000,Annual Increment
NP0511,2024-04-01,3166200,Annual Increment
NP0511,2025-04-01,3461700,Annual Increment
NP0512,2016-01-08,1018900,Hire
NP0512,2017-04-01,1080000,Annual Increment
NP0512,2018-04-01,1144800,Annual Increment
NP0512,2019-04-01,1213500,Annual Increment
NP0512,2020-04-01,1286300,Annual Increment
NP0512,2021-04-01,1363500,Annual Increment
NP0512,2022-04-01,1434000,Annual Increment
NP0512,2023-04-01,1506000,Annual Increment
NP0512,2024-04-01,1547600,Annual Increment
NP0512,2025-04-01,1629200,Annual Increment
NP0513,2014-02-14,1179800,Hire
NP0513,2015-04-01,1250600,Annual Increment
NP0513,2016-04-01,1325600,Annual Increment
NP0513,2017-04-01,1405100,Annual Increment
NP0513,2018-04-01,1489400,Annual Increment
NP0513,2019-04-01,1578800,Annual Increment
NP0513,2020-04-01,1673500,Annual Increment
NP0513,2021-04-01,1773900,Annual Increment
NP0513,2022-04-01,1877500,Annual Increment
NP0513,2023-04-01,2003700,Annual Increment
NP0513,2024-04-01,2196100,Annual Increment
NP0513,2025-04-01,2205000,Annual Increment
NP0514,2016-02-02,1067700,Hire
NP0514,2017-04-01,1131800,Annual Increment
NP0514,2018-04-01,1199700,Annual Increment
NP0514,2019-04-01,1271700,Annual Increment
NP0514,2020-04-01,1348000,Annual Increment
NP0514,2021-04-01,1428900,Annual Increment
NP0514,2022-04-01,1499600,Annual Increment
NP0514,2023-04-01,1588900,Annual Increment
NP0514,2024-04-01,1671500,Annual Increment
NP0514,2025-04-01,1768000,Annual Increment
NP0515,2017-04-05,693000,Hire
NP0515,2018-04-01,734600,Annual Increment
NP0515,2019-04-01,778700,Annual Increment
NP0515,2020-04-01,825400,Annual Increment
NP0515,2021-04-01,874900,Annual Increment
NP0515,2022-04-01,921000,Annual Increment
NP0515,2023-04-01,977000,Annual Increment
NP0515,2024-04-01,1002500,Annual Increment
NP0515,2025-04-01,1015500,Annual Increment
NP0516,2025-09-20,514200,Hire
NP0517,2025-04-05,475600,Hire
NP0518,2017-06-22,423600,Hire
NP0518,2018-04-01,449000,Annual Increment
NP0518,2019-04-01,475900,Annual Increment
NP0518,2020-04-01,504500,Annual Increment
NP0518,2021-04-01,534800,Annual Increment
NP0518,2022-04-01,557500,Annual Increment
NP0518,2023-04-01,572700,Annual Increment
NP0518,2024-04-01,572900,Annual Increment
NP0518,2025-04-01,585100,Annual Increment
NP0519,2018-01-03,498200,Hire
NP0519,2019-04-01,528100,Annual Increment
NP0519,2020-04-01,559800,Annual Increment
NP0519,2021-04-01,593400,Annual Increment
NP0519,2022-04-01,620100,Annual Increment
NP0519,2023-04-01,680100,Annual Increment
NP0519,2024-04-01,735000,Annual Increment
NP0520,2025-10-31,768200,Hire
NP0521,2024-08-24,467500,Hire
NP0521,2025-04-01,490200,Annual Increment
NP0522,2020-11-30,503900,Hire
NP0522,2022-04-01,532800,Annual Increment
NP0522,2023-04-01,597000,Annual Increment
NP0522,2024-04-01,655900,Annual Increment
NP0522,2025-04-01,716300,Annual Increment
NP0523,2024-04-06,484700,Hire
NP0523,2025-04-01,498000,Annual Increment
NP0524,2024-02-20,265200,Hire
NP0525,2021-08-20,989900,Hire
NP0525,2022-04-01,1041700,Annual Increment
NP0525,2023-04-01,1141500,Annual Increment
NP0525,2024-04-01,1218900,Annual Increment
NP0526,2017-08-15,512400,Hire
NP0526,2018-04-01,543100,Annual Increment
NP0526,2019-04-01,575700,Annual Increment
NP0526,2020-04-01,610200,Annual Increment
NP0526,2021-04-01,646800,Annual Increment
NP0526,2022-04-01,681000,Annual Increment
NP0526,2023-04-01,717200,Annual Increment
NP0526,2024-04-01,735000,Annual Increment
NP0527,2024-07-28,347800,Hire
NP0527,2025-04-01,361900,Annual Increment
NP0528,2024-07-23,256100,Hire
NP0528,2025-04-01,266700,Annual Increment
NP0529,2024-03-16,386400,Hire
NP0529,2025-04-01,397200,Annual Increment
NP0530,2019-01-26,236300,Hire
NP0530,2020-04-01,250500,Annual Increment
NP0530,2021-04-01,265500,Annual Increment
NP0530,2022-04-01,276900,Annual Increment
NP0530,2023-04-01,281700,Annual Increment
NP0530,2024-04-01,287100,Annual Increment
NP0530,2025-04-01,306700,Annual Increment
NP0531,2018-02-03,405300,Hire
NP0531,2019-04-01,429600,Annual Increment
NP0531,2020-04-01,455400,Annual Increment
NP0531,2021-04-01,482700,Annual Increment
NP0531,2022-04-01,504900,Annual Increment
NP0531,2023-04-01,533400,Annual Increment
NP0531,2024-04-01,570200,Annual Increment
NP0531,2025-04-01,603100,Annual Increment
NP0532,2017-11-27,479700,Hire
NP0532,2019-04-01,508500,Annual Increment
NP0532,2020-04-01,539000,Annual Increment
NP0532,2021-04-01,571300,Annual Increment
NP0532,2022-04-01,604100,Annual Increment
NP0532,2023-04-01,642700,Annual Increment
NP0532,2024-04-01,656900,Annual Increment
NP0532,2025-04-01,671000,Annual Increment
NP0533,2024-12-26,264300,Hire
NP0534,2018-05-27,377900,Hire
NP0534,2019-04-01,400600,Annual Increment
NP0534,2020-04-01,424600,Annual Increment
NP0534,2021-04-01,450100,Annual Increment
NP0534,2022-04-01,472300,Annual Increment
NP0534,2024-04-01,481900,Annual Increment
NP0534,2025-04-01,508400,Annual Increment
NP0535,2022-12-10,501800,Hire
NP0536,2019-03-09,396900,Hire
NP0536,2020-04-01,420700,Annual Increment
NP0536,2021-04-01,445900,Annual Increment
NP0536,2022-04-01,466100,Annual Increment
NP0536,2023-04-01,506100,Annual Increment
NP0536,2024-04-01,534600,Annual Increment
NP0536,2025-04-01,571000,Annual Increment
NP0537,2025-03-11,265000,Hire
NP0538,2017-02-06,789000,Hire
NP0538,2018-04-01,836300,Annual Increment
NP0538,2019-04-01,886500,Annual Increment
NP0538,2020-04-01,939700,Annual Increment
NP0538,2021-04-01,996100,Annual Increment
NP0538,2022-04-01,1047200,Annual Increment
NP0539,2019-10-19,585000,Hire
NP0539,2021-04-01,620100,Annual Increment
NP0539,2022-04-01,649200,Annual Increment
NP0539,2023-04-01,711900,Annual Increment
NP0539,2024-04-01,735000,Annual Increment
NP0540,2023-04-15,1089400,Hire
NP0540,2024-04-01,1158200,Annual Increment
NP0540,2025-04-01,1233900,Annual Increment
NP0541,2022-04-17,436500,Hire
NP0541,2023-04-01,439900,Annual Increment
NP0541,2024-04-01,451100,Annual Increment
NP0541,2025-04-01,461800,Annual Increment
NP0542,2020-05-25,411400,Hire
NP0542,2021-04-01,436100,Annual Increment
NP0542,2022-04-01,456700,Annual Increment
NP0542,2023-04-01,496200,Annual Increment
NP0543,2022-11-16,1010500,Hire
NP0543,2024-04-01,1036700,Annual Increment
NP0543,2025-04-01,1100600,Annual Increment
NP0544,2017-10-07,865500,Hire
NP0544,2019-04-01,917400,Annual Increment
NP0544,2020-04-01,972400,Annual Increment
NP0544,2021-04-01,1030700,Annual Increment
NP0544,2022-04-01,1075500,Annual Increment
NP0544,2023-04-01,1177100,Annual Increment
NP0544,2024-04-01,1256600,Annual Increment
NP0544,2025-04-01,1312500,Annual Increment
NP0545,2018-09-23,811100,Hire
NP0545,2019-04-01,859800,Annual Increment
NP0545,2020-04-01,911400,Annual Increment
NP0545,2021-04-01,966100,Annual Increment
NP0545,2022-04-01,1008700,Annual Increment
NP0545,2023-04-01,1075100,Annual Increment
NP0545,2024-04-01,1146700,Annual Increment
NP0545,2025-04-01,1208200,Annual Increment
NP0546,2024-01-25,534100,Hire
NP0546,2025-04-01,566100,Annual Increment
NP0547,2020-05-24,502300,Hire
NP0547,2021-04-01,532400,Annual Increment
NP0547,2022-04-01,556300,Annual Increment
NP0548,2022-12-06,884700,Hire
NP0548,2024-04-01,937500,Annual Increment
NP0548,2025-04-01,952000,Annual Increment
NP0549,2023-12-07,861400,Hire
NP0549,2025-04-01,914300,Annual Increment
NP0550,2017-12-28,489700,Hire
NP0550,2019-04-01,519100,Annual Increment
NP0550,2020-04-01,550200,Annual Increment
NP0550,2021-04-01,583200,Annual Increment
NP0550,2022-04-01,612800,Annual Increment
NP0550,2023-04-01,626400,Annual Increment
NP0550,2024-04-01,669800,Annual Increment
NP0550,2025-04-01,716500,Annual Increment
NP0999,2024-04-01,500000,Hire
NP0999,2025-04-01,540000,Annual Increment
NP0998,2023-01-02,450000,Hire
